ID,Cantonese_Text,English_Text,Cantonese_Female_Sound,Cantonese_Male_Sound
cphrase_yue_389,佢係咪專登唔覆我？,Is he not replying to me on purpose?,,
cphrase_yue_390,難講。一時時㗎咋，唔好諗咁多。,Hard to say. It comes and goes — don’t read into it.,,
cphrase_yue_391,好在我冇貿貿然打去鬧佢。,Just as well I didn’t ring up and have a go at him.,,
cphrase_yue_392,卒之都係要傾。事關唔講清楚，件事唔會完。,You’ll have to talk in the end. Because until it’s said out loud it isn’t finished.,,
cphrase_yue_393,頭先個細路仔喺門口做乜？,What was that kid doing at the door earlier?,,
cphrase_yue_394,揾佢阿爸。個主人家出咗街。,Looking for his dad. The owner’s gone out.,,
cphrase_yue_395,噉你叫佢等啦，唔好周圍走。,Tell him to wait then — don’t let him wander off.,,
cphrase_yue_396,知喇。我叫咗隔籬個老人家睇住佢。,Alright. I’ve asked the old boy next door to keep an eye on him.,,
cphrase_yue_397,你要咩飲品？凍檸茶定鴛鴦？,What are you drinking — iced lemon tea or a yuenyeung?,,
cphrase_yue_398,鴛鴦。夜晚飲都瞓得着。,Yuenyeung. I can still sleep after one at night.,,
cphrase_yue_399,食咩餸？佢哋個鐵板牛扒幾好。,What are you eating? Their sizzling steak is decent.,,
cphrase_yue_400,好呀。哩間嘢好味道，就係貴咗少少。,Go on then. The food here’s good — just a bit dear.,,
cphrase_yue_401,你今日幾點放工？,What time do you knock off today?,,
cphrase_yue_402,六點。陣間仲要幫手搬啲貨。,Six. I’ve still got to help shift the stock in a bit.,,
cphrase_yue_403,記住預早同阿曉講，唔好臨尾先。,"Remember to tell Ling ahead of time, not at the last minute.",,
cphrase_yue_404,知喇。上次遲到係我唔啱。,I know. Being late last time was my fault.,,
cphrase_yue_405,佢話我攞咗啲錢，根本無中生有。,He says I took the money — he’s made it up out of nothing.,,
cphrase_yue_406,弊傢伙。你有冇同老細講？,That’s bad. Have you told the boss?,,
cphrase_yue_407,未。講咗又怕搞到人心惶惶。,Not yet. If I do I’m afraid it’ll put the wind up everyone.,,
cphrase_yue_408,噉都要講。唔講就等佢噉樣不知所謂落去。,You still have to. Say nothing and you let him carry on being a disgrace.,,
cphrase_yue_409,個郵局喺邊？,Where’s the post office?,,
cphrase_yue_410,商場對面，地鐵入口隔籬。,"Opposite the mall, next to the underground entrance.",,
cphrase_yue_411,兩個入口，我行邊樣好？,There are two entrances — which one do I take?,,
cphrase_yue_412,行右邊嗰個，行入去就見到。,The right-hand one — walk in and you’ll see it.,,
cphrase_yue_413,佢近來點呀？成個月冇見。,How’s he been lately? Haven’t seen him all month.,,
cphrase_yue_414,目前仲係做緊嗰份工，不過話想轉。,"For now he’s still in the same job, but says he wants a change.",,
cphrase_yue_415,佢晨早就講過㗎喇。,He said that ages ago.,,
cphrase_yue_416,今次似真啲。佢話一個月以內就走。,This time it sounds real. He says he’s off within the month.,,
cphrase_yue_417,你講嘢真係進步咗好多。,Your speaking really has come on a lot.,,
cphrase_yue_418,日日練少少，累積落嚟就有。,A little every day — it adds up over time.,,
cphrase_yue_419,你點練？上堂定自己嚟？,"How do you practise — classes, or on your own?",,
cphrase_yue_420,自己嚟。專心聽人講，比上堂快。,On my own. Listening properly beats a class for speed.,,
cphrase_yue_421,你去邊食嘢？,Where are you going to eat?,,
cphrase_yue_422,成個街口都試過，得嗰間夠地道。,I’ve tried the whole street — only that one’s properly local.,,
cphrase_yue_423,貴唔貴？,Is it dear?,,
cphrase_yue_424,比較上算平。根本上係街坊價。,Cheap in comparison. Basically neighbourhood prices.,,
cphrase_yue_425,你隻錶幾時買㗎？,When did you buy that watch?,,
cphrase_yue_426,舊年。唔係冒牌，我睇過先買。,Last year. It’s not a fake — I checked before buying.,,
cphrase_yue_427,幾好睇。個背囊都襯。,Looks good. The backpack goes with it too.,,
cphrase_yue_428,嗰個係私家嘢，唔係公司派。,That one’s my own — not company issue.,,
cphrase_yue_429,你哋間鋪嘅租金貴唔貴？,Is the rent on your shop dear?,,
cphrase_yue_430,貴。仲要另外畀車位錢。,It is. And there’s the parking on top.,,
cphrase_yue_431,兩個租戶分擔唔得咩？,Can’t two tenants split it?,,
cphrase_yue_432,傾過。佢話寧願取消個位。,We talked about it. He’d rather give the space up.,,
cphrase_yue_433,間鋪捱得過哩個困境咩？,Can the shop get through this rough patch?,,
cphrase_yue_434,搏一搏啦。唔試點知？,Have a go at it. How do you know without trying?,,
cphrase_yue_435,你都幾夠膽。,You’ve got some nerve.,,
cphrase_yue_436,唔係夠膽，係冇得揀。渡過咗先算。,"It isn’t nerve, it’s no choice. Get through it first, then we’ll see.",,
cphrase_yue_437,今晚有煙花，你去唔去睇？,There are fireworks tonight — are you going to watch?,,
cphrase_yue_438,去。不過人多，早啲出去霸位。,Yes. It’ll be packed though — go early and grab a spot.,,
cphrase_yue_439,睇完去邊？,Where after?,,
cphrase_yue_440,食嘢。跳舞就唔好喇，我唔識跳。,Food. Not dancing though — I can’t dance.,,
cphrase_yue_441,部機而家運作得點？,How’s the machine running now?,,
cphrase_yue_442,測試過三次，冇問題。,Tested it three times — no trouble.,,
cphrase_yue_443,個新功能呢？連唔連到線？,And the new function? Does it connect?,,
cphrase_yue_444,連到。兩部機同步埋，一齊開就得。,It does. The two sync up — just start them together.,,
cphrase_yue_445,佢聲稱冇攞過，但係冇人信。,"He claims he never took it, but nobody believes him.",,
cphrase_yue_446,有冇證實到？,Has it been confirmed?,,
cphrase_yue_447,未。而家淨係懷疑，冇證據。,"Not yet. It’s suspicion at this point, no evidence.",,
cphrase_yue_448,噉就唔好亂講。實質上你都唔知。,Then don’t go spreading it. In real terms you don’t know either.,,
cphrase_yue_449,你同佢識咗好耐？,Have you known each other long?,,
cphrase_yue_450,青梅竹馬，細個住隔籬。,Since we were kids — we lived next door.,,
cphrase_yue_451,佢而家喺邊？,Where is he now?,,
cphrase_yue_452,外國。打長途電話貴，多數用網上。,"Abroad. Long distance is dear, so mostly we do it online.",,
cphrase_yue_453,哩件幾錢？,How much is this one?,,
cphrase_yue_454,打八折，二百四。,Twenty percent off — two hundred and forty.,,
cphrase_yue_455,我身上冇咁多現金。,I haven’t got that much cash on me.,,
cphrase_yue_456,唔緊要，碌卡都得。,Never mind — card’s fine.,,
cphrase_yue_457,講開又講，我上個禮拜差啲出事。嗰日送貨去新界，本來十點就應該到，點知條路封咗，兜咗個大圈，行咗成粒鐘。,"Speaking of which — I nearly came a cropper last week. That day I was running stock out to the New Territories, should have been there by ten, but the road was shut, I went right round the houses, took a solid hour.",,
cphrase_yue_458,噉點呀？,So then what?,,
cphrase_yue_459,到咗嗰陣個倉已經收咗工。我打電話畀阿頭，佢話等佢問吓。等咗四十五分鐘，一頭霧水，唔知係走定係留。,"By the time I got there the warehouse had knocked off. I rang the boss and he said to let him ask. Forty-five minutes I waited, completely at sea, no idea whether to go or stay.",,
cphrase_yue_460,噉你點做？,So what did you do?,,
cphrase_yue_461,我一嚟唔想白行，二嚟啲貨凍櫃撐唔到咁耐。講吓講吓，個保安話佢識個管倉嘅，打咗個電話，啱啱好嗰個人未走。講到尾都入到貨，不過遲咗三個鐘。,"For one thing I didn’t want a wasted trip, for another the cold box wasn’t going to hold that long. One thing led to another and the security guard said he knew the warehouse manager, made a call, and as luck would have it the man hadn’t left. In the end the stock did go in — just three hours late.",,
cphrase_yue_462,噉都算好彩。,"That’s lucky, all things considered.",,
cphrase_yue_463,係囖。誰不知第二日阿頭仲問我做乜咁遲，講嚟講去佢都唔記得係佢叫我等。,"Right. And then — would you believe it — next day the boss asks me why I was so late. Round and round we went, and he still didn’t remember it was him who told me to wait.",,
cphrase_yue_464,老實講，我唔係想講人是非，但係佢真係唔掂。每次收工都留低一大堆手尾，第二日一定係我執。,"To be honest, I’m not one for talking about people — but he really isn’t up to it. Every time he knocks off he leaves a great pile of loose ends, and next day it’s always me clearing them.",,
cphrase_yue_465,咁耐都冇人講佢？,All this time and nobody’s said anything to him?,,
cphrase_yue_466,講咗好多次。最弊係佢明明知，仲一味話自己好忙。擺明係唔想做，唔係唔識做。話晒大家做咗兩年同事，我都唔想撕破面，唯有死死氣幫佢執。,"Loads of times. The worst of it is he knows perfectly well and still does nothing but say how busy he is. He plainly doesn’t want to do it — it’s not that he can’t. After all, we’ve been on the same team two years, and I don’t want a falling-out, so I grit my teeth and clear up after him.",,
cphrase_yue_467,唔怪之得你成日鬼咁夜先走。,No wonder you’re always leaving so bloody late.,,
cphrase_yue_468,係囖。最弊係阿頭以為係我慢。我又唔想喺佢面前篤人背脊，結果就變咗我冤枉。,"Exactly. And the worst part is the boss thinks I’m the slow one. I don’t want to go telling tales in front of him either, so I’m the one who ends up carrying it.",,
cphrase_yue_469,噉樣落去唔係辦法。你講一次清楚，唔使鬧，講返啲事實就得。,"Going on like this isn’t the answer. Say it once, clearly — no need to shout, just stick to what actually happened.",,
cphrase_yue_470,我尋日同阿頭傾咗好耐。佢意思係，唔係唔畀我請假，係話而家人手唔夠，即係話我請得，但係要自己揾人頂。,"I had a long talk with the boss yesterday. What he meant was, it isn’t that I can’t take leave, it’s that we’re short-handed — which is to say I can take it, but I have to find my own cover.",,
cphrase_yue_471,咪就係。佢次次都係噉。,That’s exactly it. He’s the same every single time.,,
cphrase_yue_472,唔講唔知，實情係公司已經請咗兩個新人，不過未上到手。點都好，我都要揾人。提起呢樣嘢，你嗰個朋友仲想唔想做？,"You’d never know unless someone told you, but the truth of it is the company has already taken on two new people — they just aren’t up to speed yet. Either way, I still need cover. Which brings it up — does that friend of yours still want the work?",,
cphrase_yue_473,佢啱啱轉咗工。不過無論點我都問吓佢。,He’s just changed jobs. But I’ll ask him regardless.,,
cphrase_yue_474,唔該晒。講返請假，幸好我未買機票，如果買咗就慘。點會估到公司噉樣安排。,Thanks. Back to the leave — luckily I hadn’t bought the ticket yet; if I had I’d be sunk. Who’d have guessed they’d arrange it like that.,,
cphrase_yue_475,好喇，言歸正傳，你到底邊日走？,Right — back to the point. Which day are you actually going?,,
cphrase_yue_476,我講咗幾多次要影相先郁啲貨？你次次都話得，次次都冇影。,"How many times have I said photograph it before you move the stock? Every time you say yes, and every time there’s no photo.",,
cphrase_yue_477,嗰陣趕住出貨，邊有時間影。你自己又唔係唔知。,We were rushing the load out — where was the time? You know that yourself.,,
cphrase_yue_478,唔好意思，我插句嘴。你哋兩個講緊兩件事。,Sorry — can I cut in? You two are talking about two different things.,,
cphrase_yue_479,點解？,How so?,,
cphrase_yue_480,佢講嘅係嗰日趕，你講嘅係次次都趕。各有各講，講到聽日都唔會有結果。睇怕真正嘅問題係我哋根本冇時間影，唔係邊個唔肯影。,"He’s talking about that one day being a rush; you’re talking about every day being a rush. You’re each having your own conversation, and you could go at it till tomorrow with nothing to show. I reckon the real problem is that we haven’t got time to photograph at all — not that somebody won’t.",,
cphrase_yue_481,唔係啩，你幫我講嘢？,"You’re not speaking up for me, surely?",,
cphrase_yue_482,我唔係幫口，我淨係想收科。不如噉：出貨前十分鐘影，寫入流程，唔使邊個記住。,"I’m not taking sides — I just want to close this off. How about this: photograph it ten minutes before the load goes, and write it into the procedure, so nobody has to remember.",,
cphrase_yue_483,今日同一件事我講咗三次。同姨姨講嗰陣要好聲好氣：麻煩你幫幫忙，重新包過嗰兩箱，得唔得呀？同阿明就一句：呢兩箱要重包，快手啲。上到阿頭度就變咗：兩箱標籤有問題，我建議重包，你睇下方唔方便。,"I said the same thing three times today. With the auntie it had to be gentle — sorry to trouble you, could you do me a favour and repack those two boxes? With Ah Ming it was one line: these two need repacking, look sharp. And by the time it got to the boss it had turned into: there’s a problem with the labels on two boxes, I’d suggest repacking, see whether that suits.",,
cphrase_yue_484,三個版本，講到你都攰。,Three versions — no wonder you’re worn out.,,
cphrase_yue_485,唔係扮嘢，係唔同人食唔同套。你同姨姨大聲夾惡，佢即刻落面，之後乜都唔肯幫你。你同阿明兜圈子，佢覺得你唔信佢。你同阿頭直接落命令，佢覺得你越權。,"It isn’t putting it on — different people take a different approach. Come at the auntie loud and hard and she loses face on the spot, and after that she won’t help you with anything. Talk round in circles with Ah Ming and he thinks you don’t trust him. Give the boss a flat instruction and he thinks you’ve overstepped.",,
cphrase_yue_486,噉點先叫做啱？,So what counts as getting it right?,,
cphrase_yue_487,睇對象。同一句話，畀面就做得成，得罪咗就樣樣卡住。婉轉唔係唔講，係揀個講法。,"It depends who it is. Same sentence — give them face and it gets done; offend them and everything jams. Being tactful isn’t not saying it, it’s picking how you say it.",,
cphrase_yue_488,有道理。辛苦晒你教我。,That makes sense. Thanks for taking the trouble to tell me.,,
cphrase_yue_489,姨姨想我星期六幫佢個仔補習。我做唔到，但係又唔想一口拒絕。,"The auntie wants me to tutor her son on Saturdays. I can’t do it, but I don’t want to turn her down flat either.",,
cphrase_yue_490,噉你點答？,So how did you answer?,,
cphrase_yue_491,我話：多謝姨姨睇得起，不過我星期六恐怕唔得閒，你嘅心意我心領咗。如果佢再問，我就話而家排班未定，好難話，等我睇下先。噉樣就唔使講一個唔字，佢都聽得明。,"I said: thank you for thinking of me, but I’m afraid Saturdays don’t work — it’s the thought I’ll take. If she asks again I’ll say the rota isn’t settled yet, hard to say, let me have a look. That way I never have to say the word no, and she still understands.",,
cphrase_yue_492,唔怕佢覺得你搪塞？,Aren’t you worried she’ll think you’re fobbing her off?,,
cphrase_yue_493,會有少少。但係推搪同拒絕唔同：推搪係留返一線，下次見面唔會尷尬。一口拒絕就冇得返轉頭。真係唔得就同佢講清楚，不過要揀個時間，唔好當住人前。,"A bit, yes. But putting someone off isn’t the same as refusing them: putting off leaves a line open, so next time you meet it isn’t awkward. A flat no can’t be walked back. If it really is no, then say so plainly — but pick your moment, not in front of everyone.",,
cphrase_yue_494,噉如果佢喺人前問你呢？,And what if she asks you in front of people?,,
cphrase_yue_495,嗰陣就要有人打圓場。等佢有個台階落，大家都做得落去。,Then somebody has to smooth it over. Give her a way to climb down and everyone can carry on.,,
cphrase_yue_496,頭先阿明喺倉度同人拗，聲大到出面都聽到。,Ah Ming was having a row in the warehouse just now — loud enough to hear from outside.,,
cphrase_yue_497,因為乜嘢？,What over?,,
cphrase_yue_498,單嘢好細。有人郁咗佢張單，佢揾唔到，就火滾。其實佢谷咗氣好耐喇：連續開咗九日工，冇人幫手，講咗兩次都冇人理。今次係爆出嚟啫。,"The thing itself was tiny. Someone moved his paperwork, he couldn’t find it, and he went up. Truth is he’s been bottling it for ages — nine days straight without a break, no help, said something twice and nobody listened. This time it just came out.",,
cphrase_yue_500,我叫佢出去唞下氣。人火滾嗰陣同佢講道理係冇用嘅，越講越大鑊。等佢老定返，先慢慢傾。我自己都要忍手，唔好即刻鬧返轉頭。,"I sent him outside to get some air. Reasoning with someone while they’re up is useless — the more you say the worse it gets. Wait till he settles, then talk it through. I had to hold back myself, not fire straight back at him.",,
cphrase_yue_501,沉住氣真係難。,Keeping a lid on it really is hard.,,
cphrase_yue_502,難，但係喺人前收唔到口，之後就唔止一件事要收拾。,"It is. But if you can’t stop yourself in front of people, afterwards there’s more than one thing to clear up.",,
cphrase_yue_503,新嚟嗰個後生仔幾醒目。今朝阿頭黑口黑面，佢一睇就知，啲問題留到下晝先問。,"That new young lad is sharp. The boss had a face on him this morning, and he clocked it straight away — saved his questions for the afternoon.",,
cphrase_yue_504,噉先叫識做。,That’s what knowing how to behave looks like.,,
cphrase_yue_505,係囖。呢啲嘢冇得教，只可以睇餸食飯，見機行事。有啲人做咗十年都仲係好死板：規矩點寫就點做，唔識睇眉頭眼額，明明個場面唔啱都照講落去。,"Right. You can’t teach it — you cut your coat to your cloth and play it as it comes. Some people are still rigid after ten years: whatever the rule says, that’s what they do, can’t read a face, and carry right on talking when it’s plain the moment is wrong.",,
cphrase_yue_506,但係太識睇人面色又好似好假。,But being too good at reading people comes across as fake.,,
cphrase_yue_507,分別喺於你係咪應酬。淨係應酬就係敷衍，人哋感覺到。真係諗住做好件事，就算講得婉轉都唔會假。,"The difference is whether you’re just going through the motions. Pure social duty is fobbing people off, and they can feel it. If you actually mean to get the thing done, saying it tactfully doesn’t make it false.",,
cphrase_yue_508,講得啱。,Fair point.,,
cphrase_yue_509,噚日個供應商打嚟，講咗成十五分鐘。由佢啲車講到佢個仔讀書，又講返舊年價錢點跌，講到口水乾。我一直等佢講重點，等唔到。,The supplier rang yesterday and talked for a solid fifteen minutes. From his lorries to his son’s schooling and back round to how prices fell last year — talked himself hoarse. I kept waiting for the point and it never came.,,
cphrase_yue_510,噉最後有冇講到正題？,Did he get to the actual subject in the end?,,
cphrase_yue_511,有，得一句：下個禮拜三加價百分之五。成十五分鐘就得嗰一句係我要嘅。我後來學乖咗，一開始就攞張紙抄低日期同數目，其他由佢講。跟唔上都唔緊要，抄到嗰兩樣就得。,"He did — one sentence: five percent up from Wednesday next week. Fifteen minutes and that one line was the bit I needed. I’ve wised up since: from the start I take a bit of paper and write down the date and the figure, and he can say what he likes. It doesn’t matter if you can’t keep up, as long as you get those two things down.",,
cphrase_yue_512,佢係咪個個都咁長氣？,Is he that long-winded with everyone?,,
cphrase_yue_513,佢係。有啲人一句起兩句止，你要追住問先有嘢；有啲人東拉西扯，你要識喺入面揀。兩種都要應付，唔係佢哋改，係你改。,"He is. Some people give you two sentences and stop, so you have to keep asking to get anything; some ramble all over the place and you have to know how to pick out of it. You have to handle both — they’re not going to change, you are.",,
cphrase_yue_514,消化都要時間。,"Takes a while to digest, too.",,
cphrase_yue_515,係。所以我唔喺電話度即刻答，我話等我睇下先，覆你。,Right. So I don’t answer on the phone — I say let me have a look and I’ll come back to you.,,
cphrase_yue_516,喂？喂？聽唔聽到我講嘢？你把聲斷斷續續。,Hello? Hello? Can you hear me? You’re breaking up.,,
cphrase_yue_517,我喺倉入面，訊號好差。等我行出去先。,"I’m inside the warehouse, the signal’s terrible. Let me walk outside.",,
cphrase_yue_518,好啲喇。我啱啱講嘅嘢你聽到幾多？我講返一次：星期四朝早八點，兩架車，去二號門，唔係一號。你覆述一次畀我聽，我要確認。,"Better. How much of that did you get? Let me say it again: Thursday morning eight o’clock, two vehicles, gate two, not gate one. Read it back to me — I want to confirm it.",,
cphrase_yue_519,星期四八點，兩架車，二號門。,"Thursday eight, two vehicles, gate two.",,
cphrase_yue_520,啱。如果我唔喺度，唔好淨係收線，留個言，講清楚邊個打嚟同乜事。我見到就覆機。電話講唔清楚就打字畀我，唔好靠估。,"Right. If I’m not around, don’t just hang up — leave a message and say clearly who’s calling and what it’s about. I’ll ring back when I see it. If it won’t come across on the phone, type it to me — don’t leave it to guesswork.",,
cphrase_yue_521,明白。我掛線喇。,Understood. I’ll hang up now.,,
cphrase_yue_522,頭先開會，我有幾句聽漏咗。特別係佢講嗰個新流程，我一知半解，唔敢話明白。,"I missed a few lines in the meeting just now. Especially that new procedure he went through — I only half got it, and I didn’t dare say I understood.",,
cphrase_yue_523,點解唔即刻問？,Why not ask on the spot?,,
cphrase_yue_524,嗰陣氣氛好緊張，我怕打斷。而家諗返，其實應該問。估估下做落去，錯咗損失仲大。下次我會講：唔好意思，兜返上一句，你頭先講嘅係邊個部分？,"The atmosphere was tense and I was afraid of interrupting. Thinking about it now, I should have asked. Carrying on by guesswork costs more when it goes wrong. Next time I’ll say: sorry, can we go back a line — which part were you talking about just then?",,
cphrase_yue_525,噉樣問好啲，具體過話我唔明。,"That’s a better question — more specific than just ""I don’t get it"".",,
cphrase_yue_526,係。話我唔明係畀個難題人哋，佢要由頭講起。講明我聽漏咗邊一句，佢重覆嗰句就得，三十秒搞掂。,"Right. ""I don’t understand"" hands the other person a problem — they have to start from the beginning. Say which line you missed and they repeat that one line, thirty seconds and it’s done.",,
cphrase_yue_527,我哋心照，個個都試過扮明白。,We both know how it is — everyone’s pretended to follow at some point.,,
cphrase_yue_528,我一直以為係我耳仔問題。阿明講嘢我明晒，同一句話由陳師傅講出嚟我就聽唔明。,"I kept thinking it was my ears. I understand everything Ah Ming says, and the same sentence out of Master Chan’s mouth I can’t follow at all.",,
cphrase_yue_529,陳師傅有口音㗎嘛。佢係鄉下上嚟，講開鄉下話，咬字同我哋唔同。你唔係聽唔明廣東話，你係未聽慣佢。,"Master Chan’s got an accent, hasn’t he. He came up from the village and speaks the local dialect, so he shapes his words differently from us. It isn’t that you can’t understand Cantonese — you just aren’t used to him yet.",,
cphrase_yue_530,噉即係要點？,So what do I do?,,
cphrase_yue_531,聽多啲，冇第二味藥。同埋唔好淨係怪自己：佢講嘢又快又含糊，成日唔清唔楚，連我哋都要問返轉頭。姨姨就相反，慢吞吞，一個字一個字，你就明晒。快人快語嗰啲最難。,"Listen to more of him, there’s no other medicine. And don’t just blame yourself — he talks fast and mumbles, half the time it’s not clear, and even we have to ask him again. The auntie’s the opposite, slow as anything, one word at a time, and you understand every bit. It’s the quick talkers that are hardest.",,
cphrase_yue_532,我以前緊張到口窒窒，而家好啲。,I used to get so nervous I’d stumble over my words. It’s better now.,,
cphrase_yue_533,講多咗就係噉。慢慢嚟。,That’s what talking more does. Take your time.,,
cphrase_yue_534,今日你跟我。我唔會淨係講，我做一次你睇住，跟住你做一次我睇住。生手嗰陣慢啲冇所謂，最緊要每一步都做齊，唔好跳。,"You’re with me today. I’m not just going to talk — I’ll do it once while you watch, then you do it once while I watch. Slow is fine when you’re new; what matters is doing every step, not skipping any.",,
cphrase_yue_535,如果我唔記得咗一步呢？,What if I forget a step?,,
cphrase_yue_536,即刻問，唔好靠估。頭三日冇人會怪你問嘢，怪嘅係唔問就落手。示範完之後我會企埋一邊睇，你做，我唔出聲，除非你就快整壞嘢。,"Ask straight away, don’t guess. Nobody minds questions in the first three days — what they mind is putting your hands on it without asking. After the demonstration I’ll stand back and watch. You do it, I say nothing, unless you’re about to break something.",,
cphrase_yue_537,幾耐先算上手？,How long before you count as up to speed?,,
cphrase_yue_538,睇個人。有啲人一個禮拜就上手，有啲要一個月。熟能生巧，冇捷徑。手勢係練返嚟嘅，唔係睇返嚟。,"Depends on the person. Some are up to speed in a week, some take a month. Practice makes perfect and there’s no short cut — the knack comes from doing it, not from watching it.",,
cphrase_yue_539,如果遇到書上冇寫嘅情況呢？,And if something comes up that isn’t in the book?,,
cphrase_yue_540,嗰陣就要執生。但係執生唔等於亂嚟：做咗乜嘢一定要話返畀我知。,"Then you play it by ear. But playing it by ear isn’t doing whatever you like — whatever you did, you tell me afterwards.",,
cphrase_yue_541,阿頭，有件事要即刻同你講。三號房個溫控噚晚壞咗，我今朝先發現，入面嗰批應該報廢。係我噚日收工冇再睇多次，責任喺我度。,"Boss, something I need to tell you right now. The temperature control in Room 3 failed last night, I only found it this morning, and the batch inside will have to be written off. I didn’t look again before I knocked off yesterday — that’s on me.",,
cphrase_yue_542,損失幾多？,How much have we lost?,,
cphrase_yue_543,大約兩成。我已經做咗三樣嘢：換咗個控制器，將其餘嗰啲搬去二號房，同埋影晒相留底。我唔係嚟認錯就算，我想同你講點樣補鑊，同埋點樣唔會再發生。,"About twenty percent. I’ve already done three things: replaced the controller, moved the rest to Room 2, and photographed everything for the record. I’m not here just to own up — I want to tell you how we fix it and how it doesn’t happen again.",,
cphrase_yue_544,點解唔噚晚打畀我？,Why didn’t you ring me last night?,,
cphrase_yue_545,因為我噚晚都唔知。哩個先係真正嘅問題：而家冇警報，壞咗都冇人知。我建議裝個溫度警報，唔使靠人記得。亡羊補牢，總好過下次再嚟一次。,"Because I didn’t know last night either. That’s the real problem: there’s no alarm, so it can fail and nobody knows. I’d put a temperature alarm on it rather than relying on someone remembering. Shutting the gate after the horse has gone, but better than doing this again.",,
cphrase_yue_546,好。你去搞掂。多謝你冇瞞住我。,Right. Go and sort it. Thanks for not keeping it from me.,,
cphrase_yue_547,佢哋開價加百分之十二。我覺得太多，但係我唔想一口拒絕，因為佢哋係得嗰兩間肯送到我哋度。,"They’ve opened at twelve percent up. I think that’s too much, but I don’t want to turn it down flat, because they’re one of only two who’ll deliver out to us.",,
cphrase_yue_548,你個底線係幾多？,What’s your bottom line?,,
cphrase_yue_549,五。所以我還價三，畀個空間佢哋還返上嚟。講數唔係鬥惡，係揾個大家都收得貨嘅位。我會噉講：我理解你哋成本升咗，不過我哋落單量都升咗，拉勻計，加五我哋仲做得落去；加十二我要揾第二間，兩邊都蝕底。,"Five. So I’ll come back at three and leave them room to come up. Bargaining isn’t about who can be more aggressive, it’s finding a spot both sides can accept. I’ll say: I understand your costs have gone up, but our order volume has gone up too, and averaged out, five percent and we can carry on; twelve and I have to find someone else, and we both lose.",,
cphrase_yue_550,如果佢哋唔肯讓步呢？,And if they won’t give any ground?,,
cphrase_yue_551,噉就折衷：價錢照佢，但係要佢哋一個禮拜送兩次，同埋畀多三十日數期。唔一定要贏個價，可以贏第二樣。傾掂咗就即刻寫低，唔好淨係口頭講。,"Then we split the difference: they get their price, but they deliver twice a week and give us another thirty days to pay. You don’t have to win on price, you can win on something else. And the moment it’s agreed, write it down — don’t leave it spoken.",,
cphrase_yue_552,最尾打和都算贏。,"Ending level counts as winning, in the end.",,
cphrase_yue_553,星期五之前要清晒三號同四號。我哋分工：你同阿明做三號，姨姨同我做四號。邊個做完先，就過去幫另一邊，唔好企喺度等。,"Both Room 3 and Room 4 have to be cleared by Friday. We’ll split it: you and Ah Ming on 3, the auntie and me on 4. Whoever finishes first goes and helps the other side — don’t stand about waiting.",,
cphrase_yue_554,如果阿明星期四放假呢？,What if Ah Ming’s off on Thursday?,,
cphrase_yue_555,噉就要揾人頂更。我睇下個更表先。最緊要係星期五個死線郁唔到，客等緊。所以由今日開始我每日收工前問你一次進度，唔係唔信你，係怕臨門先知趕唔切。,"Then we find someone to cover the shift. Let me look at the rota first. The thing that can’t move is Friday — the customer’s waiting. So from today I’ll ask you where you are once a day before we knock off. It isn’t that I don’t trust you, it’s that I don’t want to find out at the last minute that we won’t make it.",,
cphrase_yue_556,唔使催，我一定交到。,No need to chase me — I’ll get it in.,,
cphrase_yue_557,我唔係催你。催係到咗最後兩日先做嘅嘢。而家問一句係跟進，兩者唔同：跟進係我幫你早啲揾到問題，催係我已經冇辦法。如果中途發現趕唔切，越早講越好，我仲可以排期或者加人。臨門先講，我就得個嬲字。,"I’m not chasing you. Chasing is what you do in the last two days. Asking now is following up, and they’re different: following up is me helping you find the problem early, chasing is me already out of options. If you spot halfway through that we won’t make it, the earlier you say the better — I can still reschedule or put more people on. Tell me at the door and all I can do is be annoyed.",,
cphrase_yue_558,明白。我一個人一腳踢嗰陣就係噉出事。,Understood. That’s exactly how it went wrong when I was doing the whole lot single-handed.,,
cphrase_yue_559,你返咗嚟半年，同啲師傅仲係唔多熟絡。唔係你做得唔好，係你收工就走，開工前嗰十分鐘你都唔喺度。,"You’ve been here six months and you’re still not really in with the older hands. It isn’t that you do the job badly — it’s that you leave the moment you finish, and you’re not around for those ten minutes before the shift starts.",,
cphrase_yue_560,我唔知講乜好，怕搭錯嘴。,I never know what to say — afraid of chipping in wrong.,,
cphrase_yue_561,冇人要你講嘢。你早十分鐘到，倒杯茶，聽佢哋講。第三日你就會知邊個個仔考緊試、邊個部車壞咗。到你搭一句嘴，就唔會唔啱位。埋堆唔係擦鞋，係畀人知道你係邊個。,"Nobody’s asking you to talk. Get in ten minutes early, pour a cup of tea, listen to them. By day three you’ll know whose son has exams and whose van has broken down. By the time you do chip in, it won’t land wrong. Getting in with people isn’t crawling — it’s letting them know who you are.",,
cphrase_yue_562,但係我同佢哋差咁遠。,But I’m so different from them.,,
cphrase_yue_563,面熟就夠。頭一個月佢哋淨係想知你係咪長做。你日日喺度，佢哋自然當你自己人。你太客氣反而見外——同姨姨講唔該晒唔該晒，佢會覺得你當佢係外人。,Being a familiar face is enough. That first month all they want to know is whether you’re staying. Turn up every day and they’ll take you as one of their own. Being too polite actually pushes them away — thank an auntie over and over and she’ll feel you’re treating her as an outsider.,,
cphrase_yue_564,噉幾時先算相熟？,So when do you count as close?,,
cphrase_yue_565,佢開始寸你嗰陣。,When they start taking the mickey out of you.,,
cphrase_yue_566,姨姨今日問我幾多歲、結咗婚未、人工幾多。我當時唔知點答，企喺度面紅。,"The auntie asked me today how old I am, whether I’m married, and what I earn. I didn’t know what to say — just stood there going red.",,
cphrase_yue_567,佢唔係八卦，佢係想同你熟。喺佢嗰代，問哩啲就係關心。你答唔答得幾多都得，最緊要唔好板住塊面。,"She’s not being nosy, she’s trying to get to know you. In her generation, asking that is how you show you care. Answer as much or as little as you like — what matters is not putting on a stony face.",,
cphrase_yue_568,噉人工嗰條呢？,And the salary one?,,
cphrase_yue_569,笑住岔開就得：夠食啫，唔夠買樓。跟住即刻問返佢——你嗰陣做哩行人工點呀？佢就會講三十年前嘅嘢，你就冇事。答一半、問返一句，係最有用嘅招。你唔答又唔問，就變咗有嘢瞞住。,"Laugh and steer it off: enough to eat, not enough to buy a flat. Then ask her straight back — what did this trade pay in your day? She’ll be off on thirty years ago and you’re fine. Answer half and ask one back — that’s the most useful move there is. Say nothing and ask nothing, and it starts to look like you’re hiding something.",,
cphrase_yue_570,如果真係唔想講呢？,And if I really don’t want to say?,,
cphrase_yue_571,噉就直接講：哩啲私事，畀我保留啦。講得笑笑口冇人會嬲。人哋覺得你面皮薄，之後就唔會再問。真正冒犯嘅唔係唔答，係好似當人哋唔應該問。,"Then just say it: that’s private, let me keep that one. Say it with a smile and nobody minds. They’ll decide you’re shy about it and stop asking. What actually offends isn’t declining to answer — it’s acting as though they had no business asking.",,
cphrase_yue_572,佢哋成日笑我啲廣東話，仲學我把聲。我唔知應該笑定係嬲。,They keep laughing at my Cantonese and doing impressions of my voice. I don’t know whether to laugh or be annoyed.,,
cphrase_yue_573,佢哋玩你，即係當你自己人。你留意下：佢哋玩唔玩阿陳？唔玩。因為佢哋同阿陳唔熟。玩得你，係好事。,"They’re winding you up, which means they count you as one of their own. Notice something: do they wind up Ah Chan? No. Because they’re not close to Ah Chan. Being teased is a good sign.",,
cphrase_yue_574,噉幾時先算過咗火？,So when has it gone too far?,,
cphrase_yue_575,分別喺於有冇人喺場。同你兩個人玩，係玩嘢；當住十個人講到你做唔到嘢，就係蝦人。仲有一樣：玩你嘅嘢係咪你改得到。笑你把聲得，笑你屋企就唔得。真係過咗火，你笑住講一句咪玩啦，跟住轉話題。九成人聽得明。,"The difference is whether there’s an audience. Between the two of you it’s a wind-up; in front of ten people, saying you can’t do the job, that’s bullying. And one more: is the thing they’re teasing you about something you can change? Laughing at your accent is fine, laughing at your family isn’t. If it really has gone too far, smile and say give over, then change the subject. Nine out of ten will take the hint.",,
cphrase_yue_576,如果佢唔收手呢？,And if he doesn’t stop?,,
cphrase_yue_577,噉就唔係玩笑嘞。私底下同佢講一次，唔使大聲。心水清嘅人一次就夠。,"Then it isn’t a joke any more. Say it to him once, in private, without raising your voice. Anyone with any sense only needs telling once.",,
cphrase_yue_578,陳師傅話要照舊做法。我知佢唔啱，但係佢做咗三十年，我做咗半年。我點講？,"Master Chan says we do it the old way. I know he’s wrong, but he’s been at it thirty years and I’ve been here six months. How do I say it?",,
cphrase_yue_579,唔好一開口就反對。先問，唔好斷症。你問佢：師傅，舊做法我未見過，你當年點解揀哩個方法？佢一講，你就知佢係咪有你唔知嘅原因——好多時真係有。,"Don’t open with opposition. Ask first, don’t diagnose. Say: Master, I’ve never seen the old way — why did you pick that method back then? The moment he explains, you’ll know whether he has a reason you don’t — and very often he does.",,
cphrase_yue_580,如果佢真係冇原因，淨係習慣呢？,And if there’s no reason and it’s just habit?,,
cphrase_yue_581,噉你就講你嘅睇法，唔好講佢錯。兩個講法差好遠。話你噉樣做唔啱係打佢；話我有個諗法你聽下啱唔啱，就係擺喺枱面畀大家睇。跟住畀數據，唔好淨係講感覺。佢唔係怕新方法，佢係怕喺後生仔面前落面。,"Then give your view, don’t tell him he’s wrong. Those are very different: ""you’re doing it wrong"" is a hit at him; ""I’ve got an idea, tell me if it holds up"" puts it on the table for everyone to look at. Then bring numbers, not feelings. He isn’t afraid of a new method — he’s afraid of losing face in front of a younger man.",,
cphrase_yue_582,如果傾完佢都企硬呢？,And if he still won’t budge after all that?,,
cphrase_yue_583,噉就睇件事有幾大。細事就遷就佢，留返個人情。大事——會傷人或者蝕大錢——你就要企硬，不過要私底下同阿頭講，唔好當眾同佢對撼。見仁見智唔適用喺安全嗰啲嘢度。,"Then it depends how big it is. Small things, give way and bank the goodwill. Big ones — where someone gets hurt or serious money is lost — you hold, but you take it to the boss privately rather than squaring up in public. ""Each to their own"" doesn’t apply to safety.",,
lesson_yue_l1_v15,係囖,"(particle — ""obviously"", ""that’s just how it is"")",,
lesson_yue_l100_0,今晚食咩餸？我去街市買。,What are we having tonight? I’ll go to the market.,,
lesson_yue_l100_1,佢唔飲酒，唔食煙，好健康。,He doesn’t drink or smoke — very healthy.,,
lesson_yue_l100_2,哩度啲食品全部都寫住日期。,Everything packaged here has the date on it.,,
lesson_yue_l100_3,自助餐一個人三百蚊，唔算貴。,The buffet’s three hundred a head — not bad.,,
lesson_yue_l100_4,我唔食得辣，唔好叫酸辣湯。,I can’t take spice — don’t order the hot and sour soup.,,
lesson_yue_l100_5,佢個口味好淡，煮咩都少鹽。,Her taste runs bland — she puts little salt in anything.,,
lesson_yue_l100_6,間餐館唔錯，不過要早啲訂枱。,"That restaurant’s not bad, but you have to book early.",,
lesson_yue_l100_7,落多啲菜，唔好淨係食肉。,Put more veg in — don’t just eat meat.,,
lesson_yue_l100_8,一盒維他，同埋一杯梳打水。,"One Vita, and a soda water.",,
lesson_yue_l100_9,菜牌寫檸檬茶，但係人人都叫檸茶。,The menu says 檸檬茶 but everyone orders 檸茶.,,
lesson_yue_l100_v0,口味,"a taste, what someone likes",,
lesson_yue_l100_v1,好味道,"tasty, good flavour",,
lesson_yue_l100_v10,菜,vegetables; a dish,,
lesson_yue_l100_v11,酒,"alcohol, a drink",,
lesson_yue_l100_v12,酸辣湯,hot and sour soup,,
lesson_yue_l100_v13,鐵板,a sizzling iron plate,,
lesson_yue_l100_v14,食品,"foodstuffs, packaged food",,
lesson_yue_l100_v15,餐館,a restaurant — slightly formal,,
lesson_yue_l100_v16,餸,the dish you eat with rice,,
lesson_yue_l100_v17,鴛鴦,coffee mixed with milk tea,,
lesson_yue_l100_v2,梳打,soda — from the English,,
lesson_yue_l100_v3,檸檬茶,"lemon tea, written out in full",,
lesson_yue_l100_v4,檸茶,lemon tea — what you actually order,,
lesson_yue_l100_v5,煙,a cigarette; smoke,,
lesson_yue_l100_v6,牛扒,a steak,,
lesson_yue_l100_v7,維他,Vita — the drinks brand,,
lesson_yue_l100_v8,自助餐,a buffet,,
lesson_yue_l100_v9,茶餐廳,a cha chaan teng,,
lesson_yue_l101_0,佢朝朝七點就返到，冇遲到過。,He’s in at seven every morning — never once late.,,
lesson_yue_l101_1,間鋪執咗笠，聽講係捱唔住租金先倒閉。,The shop’s shut for good — they say the rent finished it off.,,
lesson_yue_l101_2,佢啱啱做咗兩年，年資唔算深。,He’s only two years in — not much seniority.,,
lesson_yue_l101_3,大班話高層想加人，未定實。,The gaffer says upper management want more staff — nothing settled yet.,,
lesson_yue_l101_4,佢做暑期工賺錢交學費。,She does a summer job to earn her tuition.,,
lesson_yue_l101_5,開學之後就冇時間做嘢喇。,Once term starts there’s no time to work.,,
lesson_yue_l101_6,對上嗰個學期佢做得幾好。,He did quite well the term before.,,
lesson_yue_l101_7,佢月入唔算高，但係夠使。,"His monthly income isn’t high, but it’s enough.",,
lesson_yue_l101_8,哩份工佢勝任唔到，太多嘢要記。,He isn’t up to this job — too much to keep track of.,,
lesson_yue_l101_v0,倒閉,"to go under, to fold",,
lesson_yue_l101_v1,勝任,to be up to the job,,
lesson_yue_l101_v10,朝朝,every morning,,
lesson_yue_l101_v11,記住,remember to; keep in mind,,
lesson_yue_l101_v12,賺錢,to make money,,
lesson_yue_l101_v13,遲到,to be late,,
lesson_yue_l101_v14,開學,"term starts, back to school",,
lesson_yue_l101_v15,陣間,"in a bit, shortly",,
lesson_yue_l101_v16,預早,"ahead of time, in advance",,
lesson_yue_l101_v17,高層,upper management,,
lesson_yue_l101_v2,大班,"the big boss, the gaffer",,
lesson_yue_l101_v3,學期,"a term, a semester",,
lesson_yue_l101_v4,對上,"the previous one, the one before",,
lesson_yue_l101_v5,幫手,to give a hand,,
lesson_yue_l101_v6,年資,"years of service, seniority",,
lesson_yue_l101_v7,放工,"to knock off, to finish work",,
lesson_yue_l101_v8,暑期工,a summer job,,
lesson_yue_l101_v9,月入,monthly income,,
lesson_yue_l102_0,佢細細個就好早熟，講嘢似大人。,She was grown up young — talks like an adult.,,
lesson_yue_l102_1,細聲啲，隔籬有人瞓緊。,Keep it down — someone’s asleep next door.,,
lesson_yue_l102_10,細路仔光豬喺屋企周圍走。,The kid runs round the house stark naked.,,
lesson_yue_l102_11,嗰個奇妙嘅日落，我影咗好多相。,That remarkable sunset — I took loads of photos.,,
lesson_yue_l102_12,佢又偷雞，成日唔見人。,He’s skiving off again — never where you need him.,,
lesson_yue_l102_13,佢一直打游擊，邊度有工就去邊度。,"He’s always been job to job — wherever there’s work, that’s where he goes.",,
lesson_yue_l102_2,我對佢好合眼緣，一見就傾得埋。,I took to him straight away — we got on from the first meeting.,,
lesson_yue_l102_3,佢戒咗煙，但係仲有心癮。,He’s given up smoking but still gets the craving.,,
lesson_yue_l102_4,我厭咗日日食同一樣嘢。,I’m sick of eating the same thing every day.,,
lesson_yue_l102_5,間廠嘅機器真係好壯觀。,The machinery in that plant is quite a sight.,,
lesson_yue_l102_6,唔好咁大力，會整爛㗎。,Don’t force it — you’ll break it.,,
lesson_yue_l102_7,佢肯唔肯做？佢話願意幫手。,Will he do it? He says he’s willing to help.,,
lesson_yue_l102_8,揾返嗰筆錢嘅機會好渺茫。,The chance of getting that money back is slim.,,
lesson_yue_l102_9,佢知足，有得食有得住就夠。,He’s content — food and a roof and that’s enough.,,
lesson_yue_l102_v0,不知所謂,"out of order, a disgrace",,
lesson_yue_l102_v1,人心惶惶,"everyone on edge, jittery",,
lesson_yue_l102_v10,心癮,"a craving, an itch to do it",,
lesson_yue_l102_v11,打游擊,"to work off the books, job to job",,
lesson_yue_l102_v12,早熟,grown-up before their years,,
lesson_yue_l102_v13,渺茫,"slim, next to no chance",,
lesson_yue_l102_v14,無中生有,to make it up out of nothing,,
lesson_yue_l102_v15,知足,content with what you’ve got,,
lesson_yue_l102_v16,細聲,"quietly, keep your voice down",,
lesson_yue_l102_v17,願,willing to; a wish,,
lesson_yue_l102_v2,偷雞,to skive off — see the note,,
lesson_yue_l102_v3,光豬,stark naked,,
lesson_yue_l102_v4,厭,"sick of, fed up with",,
lesson_yue_l102_v5,合眼緣,to take to someone on sight,,
lesson_yue_l102_v6,壯觀,an impressive sight,,
lesson_yue_l102_v7,大力,"hard, with force",,
lesson_yue_l102_v8,奇妙,"wonderful, remarkable",,
lesson_yue_l102_v9,弊傢伙,oh no; we’re in trouble,,
lesson_yue_l103_0,廁所喺後邊，行到尾轉右。,Toilet’s round the back — go to the end and turn right.,,
lesson_yue_l103_1,佢住喺工廠嘅宿舍，行三分鐘就返到。,He lives in the works dormitory — three minutes’ walk in.,,
lesson_yue_l103_2,張檯下邊有個箱，你睇下。,There’s a box under the table — have a look.,,
lesson_yue_l103_3,哩度以前係個漁村，而家起晒樓。,This was a fishing village once — it’s all flats now.,,
lesson_yue_l103_4,佢一邊做嘢一邊聽歌。,He works with music on.,,
lesson_yue_l103_5,我去書局買本字典。,I’m off to the bookshop for a dictionary.,,
lesson_yue_l103_6,嗰笪爛地而家做咗停車場。,That patch of waste ground’s a car park now.,,
lesson_yue_l103_7,細路仔喺操場踢波。,The kids are playing football on the playground.,,
lesson_yue_l103_8,哩道門出入方便啲。,This door’s easier to get in and out of.,,
lesson_yue_l103_v0,一邊,one side; while doing,,
lesson_yue_l103_v1,下邊,"underneath, the bottom",,
lesson_yue_l103_v10,後邊,round the back,,
lesson_yue_l103_v11,操場,"a playground, a parade ground",,
lesson_yue_l103_v12,書局,a bookshop,,
lesson_yue_l103_v13,檯,a table,,
lesson_yue_l103_v14,漁村,a fishing village,,
lesson_yue_l103_v15,爛地,"rough ground, waste ground",,
lesson_yue_l103_v16,邊樣,which one (of a kind),,
lesson_yue_l103_v17,郵局,a post office,,
lesson_yue_l103_v2,入口,"an entrance, a way in",,
lesson_yue_l103_v3,出入,coming and going; access,,
lesson_yue_l103_v4,右,right (the side),,
lesson_yue_l103_v5,商場,a shopping mall,,
lesson_yue_l103_v6,地鐵,"the underground, the MTR",,
lesson_yue_l103_v7,宿舍,"a dormitory, staff quarters",,
lesson_yue_l103_v8,對面,"opposite, across from",,
lesson_yue_l103_v9,廁所,a toilet,,
lesson_yue_l104_0,佢中途走咗，冇睇埋落去。,He left halfway through and didn’t see the rest.,,
lesson_yue_l104_1,三十歲以下嘅先報得名。,Only the under-thirties can sign up.,,
lesson_yue_l104_10,過往佢做開廚房，而家轉咗行。,He used to work kitchens — he’s changed trade now.,,
lesson_yue_l104_11,公司將會請多幾個人。,The company is going to take on a few more people.,,
lesson_yue_l104_2,五十蚊之上就要簽名。,Anything over fifty dollars needs a signature.,,
lesson_yue_l104_3,初初做唔慣，而家好好多。,It was strange at first — much better now.,,
lesson_yue_l104_4,我哋每年星期日都去拜山。,Every year on the Sunday we go and sweep the graves.,,
lesson_yue_l104_5,佢每日行一個鐘，風雨不改。,"He walks an hour every day, rain or shine.",,
lesson_yue_l104_6,臨走佢先話我知部機壞咗。,He only told me the machine was broken as he was leaving.,,
lesson_yue_l104_7,哩個時期最忙，過咗就鬆手。,This stretch is the busiest — after it eases off.,,
lesson_yue_l104_8,最尾嗰個記得閂燈。,Last one out remembers the lights.,,
lesson_yue_l104_9,今年係間廠嘅十週年。,This year is the plant’s tenth anniversary.,,
lesson_yue_l104_v0,中途,"partway through, halfway",,
lesson_yue_l104_v1,之上,"above, over (an amount)",,
lesson_yue_l104_v10,最尾,the very last one; in the end,,
lesson_yue_l104_v11,每年,every year,,
lesson_yue_l104_v12,每日,every day,,
lesson_yue_l104_v13,目前,"at present, for now",,
lesson_yue_l104_v14,臨,"just as, right on the point of",,
lesson_yue_l104_v15,近來,"lately, recently",,
lesson_yue_l104_v16,週年,an anniversary,,
lesson_yue_l104_v17,過往,"in the past, previously",,
lesson_yue_l104_v2,以下,"below, under",,
lesson_yue_l104_v3,以內,within,,
lesson_yue_l104_v4,仲係,"still is, still the case",,
lesson_yue_l104_v5,初,the start of; at first,,
lesson_yue_l104_v6,將會,is going to — written,,
lesson_yue_l104_v7,星期日,Sunday,,
lesson_yue_l104_v8,時期,"a period, a stretch of time",,
lesson_yue_l104_v9,晨早,ages ago; early morning,,
lesson_yue_l105_0,佢中五之後就出嚟做嘢。,He went out to work after Form 5.,,
lesson_yue_l105_1,放榜嗰日佢緊張到瞓唔着。,He couldn’t sleep the night before results day.,,
lesson_yue_l105_10,理想係一件事，現實係另一件。,"The ideal is one thing, the reality another.",,
lesson_yue_l105_11,佢突然有靈感，即刻寫低。,An idea came to him and he wrote it down at once.,,
lesson_yue_l105_12,學能唔係天生，練得多就得。,Aptitude isn’t born — practise enough and it comes.,,
lesson_yue_l105_2,佢個仔今年升小一。,His boy starts Primary 1 this year.,,
lesson_yue_l105_3,考試作弊畀人捉到，即刻退學。,Caught cheating in the exam and thrown out on the spot.,,
lesson_yue_l105_4,佢喺補習社教文科。,She teaches humanities at a cram school.,,
lesson_yue_l105_5,呢份工要訓練三個月先做得。,This job takes three months’ training before you can do it.,,
lesson_yue_l105_6,佢寫緊論文，成日冇覺瞓。,He’s writing his thesis and never sleeps.,,
lesson_yue_l105_7,我掌握唔到個時間，成日遲。,I can’t get on top of the timing — always late.,,
lesson_yue_l105_8,佢做嘢好專注，唔會俾人搞亂。,She works with real focus — nothing puts her off.,,
lesson_yue_l105_9,哩個學位好難攞，爭得好犀利。,That place is hard to get — the competition’s fierce.,,
lesson_yue_l105_v0,中五,"Form 5, the exam year",,
lesson_yue_l105_v1,作弊,to cheat in an exam,,
lesson_yue_l105_v10,理想,ideal; an ideal,,
lesson_yue_l105_v11,累積,"to build up, to accumulate",,
lesson_yue_l105_v12,補習社,a cram school,,
lesson_yue_l105_v13,訓練,training; to train,,
lesson_yue_l105_v14,論文,"a thesis, a paper",,
lesson_yue_l105_v15,退學,to drop out,,
lesson_yue_l105_v16,進步,"to improve, to come on",,
lesson_yue_l105_v17,靈感,"inspiration, an idea",,
lesson_yue_l105_v2,學位,a degree; a school place,,
lesson_yue_l105_v3,學能,"aptitude, learning ability",,
lesson_yue_l105_v4,專心,to concentrate,,
lesson_yue_l105_v5,專注,"focused, undistracted",,
lesson_yue_l105_v6,小一,Primary 1,,
lesson_yue_l105_v7,掌握,"to get a grip on, to master",,
lesson_yue_l105_v8,放榜,results day,,
lesson_yue_l105_v9,文科,"the arts side, humanities",,
lesson_yue_l106_0,唔止我一個唔知，全部人都唔知。,It isn’t just me who didn’t know — nobody did.,,
lesson_yue_l106_1,講清楚啲，講詳細少少。,Be clearer — go into a bit more detail.,,
lesson_yue_l106_10,多謝你嘅幫助，我記得。,Thanks for your help — I won’t forget it.,,
lesson_yue_l106_11,哩個味道好奇特，我未食過。,That’s an odd flavour — I’ve never had it before.,,
lesson_yue_l106_2,醫生叫我擘大個口。,The doctor told me to open wide.,,
lesson_yue_l106_3,佢做成噉，真係好幼稚。,Carrying on like that is really childish.,,
lesson_yue_l106_4,記得提醒我聽日交數。,Remember to remind me to hand in the figures tomorrow.,,
lesson_yue_l106_5,佢乜野都話得，好隨和。,He’ll go along with anything — very easy-going.,,
lesson_yue_l106_6,今日街市好熱鬧，人山人海。,The market’s buzzing today — packed out.,,
lesson_yue_l106_7,老闆好滿意今次嘅貨。,The boss is happy with this batch.,,
lesson_yue_l106_8,佢連夜晚都返嚟做，甚至唔食飯。,He even comes back at night to work — skips dinner and all.,,
lesson_yue_l106_9,放低件事啦，諗多都冇用。,Let it go — dwelling on it won’t help.,,
lesson_yue_l106_v0,乜野,what — the fuller spelling of 咩,,
lesson_yue_l106_v1,去邊,where are you off to,,
lesson_yue_l106_v10,放低,to put down; to let go of,,
lesson_yue_l106_v11,根本上,"basically, at bottom",,
lesson_yue_l106_v12,比較上,"comparatively, relatively",,
lesson_yue_l106_v13,滿意,"satisfied, happy with it",,
lesson_yue_l106_v14,熱鬧,"lively, buzzing with people",,
lesson_yue_l106_v15,甚至,"even, to the point of",,
lesson_yue_l106_v16,詳細,"in detail, thorough",,
lesson_yue_l106_v17,食嘢,"to eat, to have something",,
lesson_yue_l106_v2,唔止,"more than just, not only",,
lesson_yue_l106_v3,地道,"authentic, properly local",,
lesson_yue_l106_v4,奇特,"odd, out of the ordinary",,
lesson_yue_l106_v5,幫助,"help, assistance — the noun",,
lesson_yue_l106_v6,幼稚,childish,,
lesson_yue_l106_v7,成個,"the whole, all of it",,
lesson_yue_l106_v8,提醒,to remind,,
lesson_yue_l106_v9,擘大,to open wide,,
lesson_yue_l107_0,對鞋濕晒，我要換過。,My shoes are soaked — I need to change them.,,
lesson_yue_l107_1,夏天用冷氣被就夠。,A thin quilt is enough in summer.,,
lesson_yue_l107_10,唔要哩個，攞另一個俾我。,Not this one — give me the other.,,
lesson_yue_l107_11,哩張檯抹到潔白，好乾淨。,This table’s been wiped spotless.,,
lesson_yue_l107_12,哩個係我個人意見，唔代表公司。,"That’s my personal view, not the company’s.",,
lesson_yue_l107_2,佢件波衫著咗成年。,He’s worn that football shirt all year.,,
lesson_yue_l107_3,哩個袋係透明嘅，睇得晒入面。,This bag’s see-through — you can see everything inside.,,
lesson_yue_l107_4,淺色衫容易污糟。,Light-coloured shirts get dirty easily.,,
lesson_yue_l107_5,佢細個好鍾意睇漫畫。,He loved comics as a kid.,,
lesson_yue_l107_6,我影咗條影片，你睇下。,I filmed a clip — have a look.,,
lesson_yue_l107_7,嗰部錄影機好舊，仲用得。,That video recorder’s ancient and still works.,,
lesson_yue_l107_8,間鋪啲產品都係紅色嘅。,Everything that shop sells is red.,,
lesson_yue_l107_9,哩本工具書查字好方便。,This reference book is handy for looking things up.,,
lesson_yue_l107_v0,個人,"personal, one’s own",,
lesson_yue_l107_v1,冒牌,"a fake, a knock-off",,
lesson_yue_l107_v10,產品,a product,,
lesson_yue_l107_v11,私家,"private, one’s own — see the note",,
lesson_yue_l107_v12,紅色,red,,
lesson_yue_l107_v13,背囊,a backpack,,
lesson_yue_l107_v14,透明,"transparent, see-through",,
lesson_yue_l107_v15,錄影機,a video recorder,,
lesson_yue_l107_v16,錶,a watch,,
lesson_yue_l107_v17,鞋,shoes,,
lesson_yue_l107_v2,冷氣被,a thin summer quilt,,
lesson_yue_l107_v3,另一個,"the other one, another",,
lesson_yue_l107_v4,工具書,a reference book,,
lesson_yue_l107_v5,影片,"a video, a clip",,
lesson_yue_l107_v6,波衫,a football shirt,,
lesson_yue_l107_v7,淺色,light-coloured,,
lesson_yue_l107_v8,漫畫,a comic,,
lesson_yue_l107_v9,潔白,"pure white, spotless",,
lesson_yue_l108_0,佢擁有兩間鋪，都係租出去。,He owns two shops and rents both out.,,
lesson_yue_l108_1,佢平均一個禮拜返六日。,He works six days a week on average.,,
lesson_yue_l108_10,有人投訴，要調查清楚先。,Someone’s complained — it has to be looked into properly first.,,
lesson_yue_l108_11,佢係馬主，成日去馬場。,He owns horses — always at the racecourse.,,
lesson_yue_l108_2,佢啲廣東話水平高過我好多。,His Cantonese is at a far higher level than mine.,,
lesson_yue_l108_3,間公司結束咗，啲人都要另揾工。,The company wound up — everyone had to find other work.,,
lesson_yue_l108_4,佢炒股票蝕咗唔少。,He’s lost a fair bit on the stock market.,,
lesson_yue_l108_5,股市跌咗，佢就話唔投資喇。,The market dropped and now he says he’s not investing.,,
lesson_yue_l108_6,做得好有獎，遲到就冇。,Do it well and there’s a prize — turn up late and there isn’t.,,
lesson_yue_l108_7,公司出咗獎勵，鼓勵大家做多啲。,The company’s put out an incentive to get people doing more.,,
lesson_yue_l108_8,佢做商務嗰邊，成日出差。,He’s on the business side — always travelling.,,
lesson_yue_l108_9,哩區以前係工業區，而家好靜。,This area used to be industrial — it’s quiet now.,,
lesson_yue_l108_v0,分擔,"to split, to share the cost",,
lesson_yue_l108_v1,取消,to cancel,,
lesson_yue_l108_v10,獎勵,"a reward, an incentive",,
lesson_yue_l108_v11,租戶,a tenant,,
lesson_yue_l108_v12,租金,rent,,
lesson_yue_l108_v13,結束,"to end, to wind up",,
lesson_yue_l108_v14,股市,the stock market,,
lesson_yue_l108_v15,調查,to look into; an investigation,,
lesson_yue_l108_v16,車位,a parking space,,
lesson_yue_l108_v17,馬主,a racehorse owner,,
lesson_yue_l108_v2,商務,"business, commerce",,
lesson_yue_l108_v3,工業,industry,,
lesson_yue_l108_v4,平均,on average; even,,
lesson_yue_l108_v5,投資,to invest; an investment,,
lesson_yue_l108_v6,擁有,to own,,
lesson_yue_l108_v7,水平,"a standard, a level",,
lesson_yue_l108_v8,炒股票,to play the stock market,,
lesson_yue_l108_v9,獎,a prize; to award,,
lesson_yue_l109_0,哩份工幾危險，要著好啲裝備。,This job’s dangerous — you want the proper kit on.,,
lesson_yue_l109_1,佢提出咗一個好提議。,He put forward a good suggestion.,,
lesson_yue_l109_10,理論上得，現實上做唔到。,It works in theory and not in practice.,,
lesson_yue_l109_11,佢喺哩度發揮唔到，去咗第二間。,"He couldn’t make the most of himself here, so he went elsewhere.",,
lesson_yue_l109_12,每個人嘅觀點都唔同，聽下先。,Everyone sees it differently — hear them out first.,,
lesson_yue_l109_2,佢做嘢好靈活，咩位都頂得。,She’s flexible — can cover any position.,,
lesson_yue_l109_3,救命呀！有人跌咗落水！,Help! Someone’s fallen in the water!,,
lesson_yue_l109_4,語言唔應該係個障礙。,Language shouldn’t be an obstacle.,,
lesson_yue_l109_5,今個月終於有突破，講得順咗。,This month there’s finally a breakthrough — it flows better.,,
lesson_yue_l109_6,聽到哩個消息，大家都好振奮。,The news gave everyone a real lift.,,
lesson_yue_l109_7,佢有份工，做得開心，就有安全感。,"With a job she enjoys, she feels secure.",,
lesson_yue_l109_8,唔好剝人尊嚴，錯就錯，唔使當眾鬧。,"Don’t strip someone’s dignity — wrong is wrong, but not in front of everyone.",,
lesson_yue_l109_9,佢個夢想係開間自己嘅鋪。,His dream is a shop of his own.,,
lesson_yue_l109_v0,危險,dangerous; a danger,,
lesson_yue_l109_v1,困境,"a tight spot, a rough patch",,
lesson_yue_l109_v10,渡過,"to get through, to come out the other side",,
lesson_yue_l109_v11,現實,reality; realistic,,
lesson_yue_l109_v12,理論,theory,,
lesson_yue_l109_v13,發揮,"to make the most of, to put to use",,
lesson_yue_l109_v14,突破,a breakthrough; to break through,,
lesson_yue_l109_v15,觀點,a point of view,,
lesson_yue_l109_v16,障礙,an obstacle,,
lesson_yue_l109_v17,靈活,"flexible, nimble",,
lesson_yue_l109_v2,夢想,"a dream, what you’re after",,
lesson_yue_l109_v3,安全感,a sense of security,,
lesson_yue_l109_v4,尊嚴,dignity,,
lesson_yue_l109_v5,振奮,"heartening, a lift",,
lesson_yue_l109_v6,提出,"to raise, to put forward",,
lesson_yue_l109_v7,提議,to suggest; a suggestion,,
lesson_yue_l109_v8,搏,"to have a go, to chance it",,
lesson_yue_l109_v9,救命,help! — the shout,,
lesson_yue_l110_0,佢個嗜好係影相，影咗二十年。,His hobby is photography — twenty years of it.,,
lesson_yue_l110_1,細個成日去游水，而家冇時間。,I swam all the time as a kid — no time now.,,
lesson_yue_l110_10,聖誕節嗰晚成條街都係人。,On Christmas night the whole street is people.,,
lesson_yue_l110_11,佢跳舞跳咗十年，跳得好靚。,"She’s danced for ten years — beautifully, too.",,
lesson_yue_l110_12,好波！嗰球入得好靚。,Nice one! Lovely finish.,,
lesson_yue_l110_13,足球係全世界最多人睇嘅運動。,Football is the world’s most-watched sport.,,
lesson_yue_l110_14,佢學緊一種新嘅舞。,She’s learning a new dance.,,
lesson_yue_l110_2,嗰個導演攞咗好多獎項。,That director has won a lot of awards.,,
lesson_yue_l110_3,哩間鋪好熱門，日日排隊。,That shop’s popular — queues every day.,,
lesson_yue_l110_4,佢喺班入面好突出，一眼就見到。,She stands out in the group — you spot her at once.,,
lesson_yue_l110_5,記者訪問咗佢半個鐘。,The reporter interviewed him for half an hour.,,
lesson_yue_l110_6,佢個腳法好靚，控得好穩。,His footwork’s lovely — really steady control.,,
lesson_yue_l110_7,哩間屋好現代，同隔籬完全唔同。,This house is very modern — nothing like the one next door.,,
lesson_yue_l110_8,佢哋跟團去日本睇櫻花。,They went to Japan on a tour to see the blossom.,,
lesson_yue_l110_9,端午節有龍船，好多人去睇。,There are dragon boats at the festival — crowds go to watch.,,
lesson_yue_l110_v0,嗜好,"a hobby, what you’re into",,
lesson_yue_l110_v1,好波,nice one! — shouted at football,,
lesson_yue_l110_v10,聖誕節,Christmas,,
lesson_yue_l110_v11,腳法,footwork,,
lesson_yue_l110_v12,舞,a dance,,
lesson_yue_l110_v13,訪問,an interview; to interview,,
lesson_yue_l110_v14,足球,football — the written word,,
lesson_yue_l110_v15,跟團,to travel with a tour group,,
lesson_yue_l110_v16,跳舞,to dance,,
lesson_yue_l110_v17,龍船,a dragon boat,,
lesson_yue_l110_v2,導演,a director,,
lesson_yue_l110_v3,櫻花,cherry blossom,,
lesson_yue_l110_v4,游水,to swim,,
lesson_yue_l110_v5,煙花,fireworks,,
lesson_yue_l110_v6,熱門,"popular, in demand",,
lesson_yue_l110_v7,獎項,an award,,
lesson_yue_l110_v8,現代,modern,,
lesson_yue_l110_v9,突出,to stand out; outstanding,,
lesson_yue_l111_0,今日清潔部機，唔好開住。,Cleaning the machine today — leave it switched off.,,
lesson_yue_l111_1,打開個蓋睇下入面。,Open the lid and have a look inside.,,
lesson_yue_l111_10,洗完頭記得吹乾先出街。,Dry your hair after washing it before you go out.,,
lesson_yue_l111_11,我聽日約咗去洗頭。,I’ve booked to get my hair washed tomorrow.,,
lesson_yue_l111_12,連線唔穩定，測試咗三次都唔得。,The connection isn’t stable — tested it three times and no joy.,,
lesson_yue_l111_2,份嘢完成咗未？,Is that finished yet?,,
lesson_yue_l111_3,去影印三份，一人一份。,Photocopy three — one each.,,
lesson_yue_l111_4,間房要維持廿二度。,The room has to stay at twenty-two degrees.,,
lesson_yue_l111_5,部機喺內地製造，設計就係本地。,"The machine’s made on the mainland, designed here.",,
lesson_yue_l111_6,空氣唔流動，啲嘢好易發霉。,"If the air isn’t moving, things go mouldy fast.",,
lesson_yue_l111_7,箱疊得太高，滑落嚟就弊。,Stack the boxes too high and if they slide you’re in trouble.,,
lesson_yue_l111_8,相對上，哩部機安靜好多。,"Relatively speaking, this machine is much quieter.",,
lesson_yue_l111_9,佢一時大意，做成好多麻煩。,One moment’s carelessness caused a lot of bother.,,
lesson_yue_l111_v0,做成,"to bring about, to cause",,
lesson_yue_l111_v1,功能,"a function, what it does",,
lesson_yue_l111_v10,滑落,"to slide down, to slip off",,
lesson_yue_l111_v11,相對,relatively; opposite one another,,
lesson_yue_l111_v12,空氣,air,,
lesson_yue_l111_v13,維持,"to keep up, to maintain",,
lesson_yue_l111_v14,製造,to manufacture,,
lesson_yue_l111_v15,設計,design; to design,,
lesson_yue_l111_v16,連線,to connect; a connection,,
lesson_yue_l111_v17,運作,"to operate, to run",,
lesson_yue_l111_v2,同步,to sync; in step,,
lesson_yue_l111_v3,完成,"to complete, to finish",,
lesson_yue_l111_v4,影印,to photocopy,,
lesson_yue_l111_v5,打開,to open up,,
lesson_yue_l111_v6,洗頭,to wash your hair,,
lesson_yue_l111_v7,流動,flowing; mobile,,
lesson_yue_l111_v8,清潔,cleaning; to clean,,
lesson_yue_l111_v9,測試,to test; a test,,
lesson_yue_l112_0,哩件係刑事案，唔關民事事。,"This one’s criminal, not a civil matter.",,
lesson_yue_l112_1,法律點寫，就照住做。,"Whatever the law says, we go by it.",,
lesson_yue_l112_10,你今日好精神喎，瞓得好？,You look sharp today — sleep well?,,
lesson_yue_l112_11,部機吸納唔到咁多水氣。,The machine can’t take that much moisture out.,,
lesson_yue_l112_12,佢利用你嘅好心，你都唔覺。,He’s taking advantage of your good nature and you can’t see it.,,
lesson_yue_l112_2,間鋪畀人劫咗，冇人受傷。,The shop was robbed — nobody hurt.,,
lesson_yue_l112_3,噉樣做會侵犯到人哋私隱。,Doing that would violate someone’s privacy.,,
lesson_yue_l112_4,佢每個個案都睇得好仔細。,She goes through every case carefully.,,
lesson_yue_l112_5,唔好傷害佢，佢都係聽人講。,Don’t come down on him — he was only doing as he was told.,,
lesson_yue_l112_6,你可以參考上次嗰份。,You can use last time’s as a reference.,,
lesson_yue_l112_7,佢係專科醫生，唔係普通科。,"He’s a specialist, not a GP.",,
lesson_yue_l112_8,基本上冇乜要改。,Basically there’s not much to change.,,
lesson_yue_l112_9,佢啲手下都好聽話。,The people under him do as they’re told.,,
lesson_yue_l112_v0,侵犯,"to violate, to infringe",,
lesson_yue_l112_v1,個案,"a case, an individual instance",,
lesson_yue_l112_v10,專科,a specialism; a specialist,,
lesson_yue_l112_v11,懷疑,to suspect; suspicion,,
lesson_yue_l112_v12,手下,someone who works under you,,
lesson_yue_l112_v13,法律,the law,,
lesson_yue_l112_v14,精神,"spirit; alert, on form",,
lesson_yue_l112_v15,聲稱,to claim — and to be doubted,,
lesson_yue_l112_v16,證實,to confirm,,
lesson_yue_l112_v17,賊,a thief,,
lesson_yue_l112_v2,傷害,harm; to harm,,
lesson_yue_l112_v3,刑事,criminal (as against civil),,
lesson_yue_l112_v4,利用,to make use of; to exploit,,
lesson_yue_l112_v5,劫,to rob; a robbery,,
lesson_yue_l112_v6,參考,to refer to; a reference,,
lesson_yue_l112_v7,吸納,"to take in, to absorb",,
lesson_yue_l112_v8,基本,basic; the basics,,
lesson_yue_l112_v9,實質,"substance, the real content",,
lesson_yue_l113_0,佢好有禮貌，見到人都會打招呼。,He’s got lovely manners — greets everyone he sees.,,
lesson_yue_l113_1,哩份工前途幾好，做落去有得升。,This job has prospects — stay in it and you can move up.,,
lesson_yue_l113_10,而家嘅情形同上個月唔同咗。,The situation now isn’t what it was last month.,,
lesson_yue_l113_11,我飛咗條線去我手提。,I’ve diverted the line to my mobile.,,
lesson_yue_l113_12,收工之前記得飛線去阿頭度。,Divert the phone to the boss before you knock off.,,
lesson_yue_l113_13,佢喺公司個形象好正經。,At work he comes across as very serious.,,
lesson_yue_l113_14,我大哥大我五年。,My eldest brother is five years older than me.,,
lesson_yue_l113_2,咁後生就有噉嘅成就，好唔容易。,That much achieved that young — not easy at all.,,
lesson_yue_l113_3,大概八點出發，唔好遲到。,Setting off around eight — don’t be late.,,
lesson_yue_l113_4,來回車錢大概三十蚊。,The return fare is about thirty dollars.,,
lesson_yue_l113_5,哩位客人來自日本，佢係日本人。,This customer is from Japan — she’s Japanese.,,
lesson_yue_l113_6,我唔記得個人名，淨係記得個樣。,"I can’t remember the name, only the face.",,
lesson_yue_l113_7,佢個姐姐啱啱生仔。,His sister’s just had a baby.,,
lesson_yue_l113_8,收工之後大家聚集喺門口傾偈。,After work everyone gathers at the door for a chat.,,
lesson_yue_l113_9,歡迎你隨時嚟坐。,You’re welcome to drop in any time.,,
lesson_yue_l113_v0,人名,a person’s name,,
lesson_yue_l113_v1,來回,"there and back, a return trip",,
lesson_yue_l113_v10,日本人,a Japanese person,,
lesson_yue_l113_v11,歡迎,to welcome; welcome,,
lesson_yue_l113_v12,生仔,to have a baby,,
lesson_yue_l113_v13,禮貌,"manners, politeness",,
lesson_yue_l113_v14,聚集,"to gather, to congregate",,
lesson_yue_l113_v15,長途電話,a long-distance call,,
lesson_yue_l113_v16,青梅竹馬,childhood friends who grew up together,,
lesson_yue_l113_v17,飛線,to divert a call,,
lesson_yue_l113_v2,來自,to come from,,
lesson_yue_l113_v3,出發,to set off,,
lesson_yue_l113_v4,前途,"prospects, a future",,
lesson_yue_l113_v5,哥,brother — as in 大哥,,
lesson_yue_l113_v6,大概,"roughly, about",,
lesson_yue_l113_v7,形象,"image, how you come across",,
lesson_yue_l113_v8,情形,"the situation, how things stand",,
lesson_yue_l113_v9,成就,an achievement,,
lesson_yue_l114_0,佢中年先開始學游水。,He only took up swimming in middle age.,,
lesson_yue_l114_1,哩排時勢唔好，生意好淡。,"The way things are just now, trade is dead.",,
lesson_yue_l114_10,禮拜四之前要交晒啲數。,All the figures have to be in before Thursday.,,
lesson_yue_l114_11,天氣預測話聽日落雨。,The forecast says rain tomorrow.,,
lesson_yue_l114_12,航空公司話個航班取消咗。,The airline says the flight’s cancelled.,,
lesson_yue_l114_13,哩件衫著落去太緊喇。,This shirt’s too tight on.,,
lesson_yue_l114_14,間鋪寫住跳樓價，其實都唔算平。,The shop says giveaway prices — it isn’t really cheap.,,
lesson_yue_l114_15,佢養咗兩隻豬喺屋企後邊。,He keeps two pigs round the back of the house.,,
lesson_yue_l114_2,佢移咗民去加拿大。,He’s emigrated to Canada.,,
lesson_yue_l114_3,佢諗住移民，仲未決定去邊。,She’s thinking of emigrating — hasn’t decided where yet.,,
lesson_yue_l114_4,唔好喺人背後講人是非。,Don’t talk about people behind their backs.,,
lesson_yue_l114_5,佢作息好規律，日日十一點瞓。,He keeps to a strict routine — eleven o’clock every night.,,
lesson_yue_l114_6,唔好亂評論人哋做嘅嘢。,Don’t go passing comment on what other people do.,,
lesson_yue_l114_7,佢養咗個魚缸，養咗好多年。,He’s kept that fish tank going for years.,,
lesson_yue_l114_8,食完酸辣湯個牙肉都痛。,That hot and sour soup left my gums sore.,,
lesson_yue_l114_9,佢驗到有肝炎，要戒酒。,He’s been diagnosed with hepatitis — has to give up drinking.,,
lesson_yue_l114_v0,中年,middle-aged,,
lesson_yue_l114_v1,折,a discount — see the note,,
lesson_yue_l114_v10,規律,a regular pattern; disciplined,,
lesson_yue_l114_v11,評論,to comment on; a review,,
lesson_yue_l114_v12,豬,a pig,,
lesson_yue_l114_v13,跳樓,to jump off a building — see the note,,
lesson_yue_l114_v14,身上,"on you, on your person",,
lesson_yue_l114_v15,酸辣,hot and sour,,
lesson_yue_l114_v16,預測,to forecast; a prediction,,
lesson_yue_l114_v17,魚缸,a fish tank,,
lesson_yue_l114_v2,時勢,the way things are just now,,
lesson_yue_l114_v3,牙肉,gums,,
lesson_yue_l114_v4,禮拜四,Thursday,,
lesson_yue_l114_v5,移民,to emigrate; an immigrant,,
lesson_yue_l114_v6,緊,tight; -ing (the aspect marker),,
lesson_yue_l114_v7,肝炎,hepatitis,,
lesson_yue_l114_v8,背後,behind; behind someone’s back,,
lesson_yue_l114_v9,航空,aviation; airline,,
lesson_yue_l115_0,講開又講，你幾時放假呀？,While we’re on it — when are you off?,,
lesson_yue_l115_1,講吓講吓就講到錢，好尷尬。,One thing led to another and we got onto money — awkward.,,
lesson_yue_l115_10,佢講咗成粒鐘，我一頭霧水。,He talked for a solid hour and I was none the wiser.,,
lesson_yue_l115_11,塞車塞到冇符，唯有兜個圈行。,"The traffic was hopeless, so I had to go round.",,
lesson_yue_l115_12,白行一趟，佢根本唔喺度。,A wasted trip — he wasn’t even there.,,
lesson_yue_l115_13,佢話等佢問吓，等咗成日都冇覆。,He said he’d ask — I waited all day and heard nothing.,,
lesson_yue_l115_2,講到尾都係要自己做。,"When all’s said, you end up doing it yourself.",,
lesson_yue_l115_3,講嚟講去都係嗰句。,"Round and round, and it’s the same line every time.",,
lesson_yue_l115_4,我一嚟唔識路，二嚟又冇車。,"For one thing I don’t know the way, for another I haven’t got a car.",,
lesson_yue_l115_5,到頭嚟都係佢做錯。,In the end it was his mistake all along.,,
lesson_yue_l115_6,咁啱我今日休息，可以陪你去。,"As it happens I’m off today, so I can go with you.",,
lesson_yue_l115_7,我啱啱好行到門口佢就打嚟。,I’d just got to the door when he rang.,,
lesson_yue_l115_8,偏偏落雨嗰日我冇帶遮。,And of course the one day it rained I had no umbrella.,,
lesson_yue_l115_9,誰不知佢一早已經走咗。,And then it turns out he’d left ages ago.,,
lesson_yue_l115_v0,講開又講,speaking of which; now that it’s come up,,
lesson_yue_l115_v1,講吓講吓,as we were talking; one thing led to another,,
lesson_yue_l115_v10,誰不知,"and then, would you believe it",,
lesson_yue_l115_v11,一頭霧水,completely at sea; baffled,,
lesson_yue_l115_v2,講到尾,in the end; when all’s said,,
lesson_yue_l115_v3,講嚟講去,round and round; talk in circles,,
lesson_yue_l115_v4,一嚟,for one thing,,
lesson_yue_l115_v5,二嚟,for another,,
lesson_yue_l115_v6,到頭嚟,in the end; as it turned out,,
lesson_yue_l115_v7,咁啱,as it happens; by chance,,
lesson_yue_l115_v8,啱啱好,just then; just right,,
lesson_yue_l115_v9,偏偏,and yet; of all things,,
lesson_yue_l116_0,最弊係佢連講都冇講聲。,"Worst of all, he didn’t even say a word.",,
lesson_yue_l116_1,話晒你係大佬，讓下佢啦。,"You’re the older one, after all — give him some room.",,
lesson_yue_l116_10,今日鬼咁熱，做兩個鐘就散晒。,It’s bloody hot today — two hours and you’re done in.,,
lesson_yue_l116_11,唔怪之得佢唔敢見我。,No wonder he won’t face me.,,
lesson_yue_l116_12,我真係好冤枉，唔關我事。,I’ve been done a real injustice — it had nothing to do with me.,,
lesson_yue_l116_13,我唔想撕破面，所以冇出聲。,"I didn’t want a falling-out, so I said nothing.",,
lesson_yue_l116_2,老實講，我唔覺得得。,"To be honest, I don’t think it’ll work.",,
lesson_yue_l116_3,擺明係佢唔想做啫。,It’s plain he just doesn’t want to do it.,,
lesson_yue_l116_4,明明話咗今日交，而家又話遲。,"He clearly said today, and now it’s late again.",,
lesson_yue_l116_5,佢一味淨係識推。,All he ever does is pass it on.,,
lesson_yue_l116_6,留低咁多手尾，好難執。,That many loose ends left behind — it’s a job to clear.,,
lesson_yue_l116_7,我又要幫佢執手尾。,And I’m clearing up after him again.,,
lesson_yue_l116_8,呢單嘢手尾好長。,This one’s going to drag on.,,
lesson_yue_l116_9,佢死死氣噉做咗，唔開心寫晒喺塊面。,He did it with very bad grace — it was all over his face.,,
lesson_yue_l116_v0,最弊,the worst of it; worst of all,,
lesson_yue_l116_v1,話晒,after all; when all’s said and done,,
lesson_yue_l116_v10,唔怪之得,no wonder,,
lesson_yue_l116_v11,冤枉,to be wronged; unjustly blamed,,
lesson_yue_l116_v2,老實講,to be honest,,
lesson_yue_l116_v3,擺明,plainly; obviously (and unfairly),,
lesson_yue_l116_v4,明明,clearly (and yet),,
lesson_yue_l116_v5,一味,does nothing but; keeps on,,
lesson_yue_l116_v6,手尾,loose ends; the mess left behind,,
lesson_yue_l116_v7,執手尾,to clear up after someone,,
lesson_yue_l116_v8,死死氣,grudgingly; with bad grace,,
lesson_yue_l116_v9,鬼咁,bloody; dead (intensifier),,
lesson_yue_l117_0,即係話今日做唔完啦。,Which is to say it won’t get finished today.,,
lesson_yue_l117_1,咪就係，我一早噉講。,Exactly — that’s what I said all along.,,
lesson_yue_l117_10,唔講唔知，原來佢係老闆個仔。,You’d never know — turns out he’s the boss’s son.,,
lesson_yue_l117_11,今日邊個頂我？,Who’s covering for me today?,,
lesson_yue_l117_12,人手唔夠，唯有自己揾人頂。,"We’re short-handed, so you find your own cover.",,
lesson_yue_l117_13,新人未上到手，仲要教。,The new ones aren’t up to speed yet — they still need teaching.,,
lesson_yue_l117_2,實情係冇人肯做。,The truth is nobody’s willing to do it.,,
lesson_yue_l117_3,點都好，聽日要交。,"Either way, it’s due tomorrow.",,
lesson_yue_l117_4,無論點我都會嚟。,I’ll come no matter what.,,
lesson_yue_l117_5,講返啱啱嗰單嘢。,Back to what we were on just now.,,
lesson_yue_l117_6,唔好喺佢面前提起呢件事。,Don’t bring that up in front of him.,,
lesson_yue_l117_7,好喇，言歸正傳。,Right — back to the point.,,
lesson_yue_l117_8,幸好我哋走得早。,Just as well we left early.,,
lesson_yue_l117_9,點會唔記得，我日日見。,How could I forget — I see it every day.,,
lesson_yue_l117_v0,即係話,which is to say; in other words,,
lesson_yue_l117_v1,咪就係,exactly; that’s just it,,
lesson_yue_l117_v10,唔講唔知,you’d never know unless told,,
lesson_yue_l117_v11,頂,to hold up / to bear / top,,
lesson_yue_l117_v2,實情,the truth of it; what’s actually the case,,
lesson_yue_l117_v3,點都好,either way / whatever happens,,
lesson_yue_l117_v4,無論點,no matter what; regardless,,
lesson_yue_l117_v5,講返,back to; speaking of (returning to it),,
lesson_yue_l117_v6,提起,to bring up; to mention,,
lesson_yue_l117_v7,言歸正傳,back to the point,,
lesson_yue_l117_v8,幸好,luckily; just as well,,
lesson_yue_l117_v9,點會,how could it; no chance,,
lesson_yue_l118_0,唔好意思，我插句嘴。,"Sorry, can I cut in?",,
lesson_yue_l118_1,佢鍾意喺人講嘢嗰陣插嘴。,He likes to cut in while people are talking.,,
lesson_yue_l118_10,我真係頂唔順佢把聲。,I honestly can’t stand the sound of his voice.,,
lesson_yue_l118_11,搞成噉，好難收科。,Made a mess of it like that — hard to wind it up now.,,
lesson_yue_l118_12,寫入流程就唔使記住。,Write it into the procedure and nobody has to remember.,,
lesson_yue_l118_13,你哋兩個講緊兩件事。,You two are talking about two different things.,,
lesson_yue_l118_14,等我講句先，好唔好？,"Let me get a word in first, would you?",,
lesson_yue_l118_2,佢成日打斷人講嘢。,He’s always cutting people off.,,
lesson_yue_l118_3,唔係啩，咁快就做完？,You’re joking — finished already?,,
lesson_yue_l118_4,睇怕今日做唔切喇。,I reckon we won’t get through it today.,,
lesson_yue_l118_5,唔好幫佢講嘢，你唔知全件事。,Don’t speak up for him — you don’t know the whole story.,,
lesson_yue_l118_6,佢哋兩個好好，成日幫拖。,Those two are close — always backing each other up.,,
lesson_yue_l118_7,呢單嘢唔關我事。,This one’s nothing to do with me.,,
lesson_yue_l118_8,你哋各有各講，點會傾得掂。,You’re each on your own subject — how would you ever settle it?,,
lesson_yue_l118_9,佢哋嘈到我冇眼睇。,They were rowing so badly I couldn’t watch.,,
lesson_yue_l118_v0,插嘴,to cut in; to interrupt,,
lesson_yue_l118_v1,打斷,to cut someone off; to break in,,
lesson_yue_l118_v10,收科,to wind it up; to close something off,,
lesson_yue_l118_v11,流程,a procedure; the steps of a job,,
lesson_yue_l118_v2,唔係啩,you’re kidding / no way,,
lesson_yue_l118_v3,睇怕,I reckon; probably,,
lesson_yue_l118_v4,幫口,to speak up for someone; to take a side,,
lesson_yue_l118_v5,幫拖,to back someone up; to lend a hand,,
lesson_yue_l118_v7,各有各講,each talking about their own thing,,
lesson_yue_l118_v8,冇眼睇,can’t bear to watch,,
lesson_yue_l118_v9,頂唔順,can’t stand it any more,,
lesson_yue_l119_0,好聲好氣同佢講，唔好嘈交。,Say it to him nicely — don’t make a row of it.,,
lesson_yue_l119_1,佢大聲夾惡，個個都唔想理佢。,"He’s loud and aggressive, so nobody wants anything to do with him.",,
lesson_yue_l119_10,佢肯畀面，件事就易做好多。,"If he’s willing to oblige, the whole thing gets a lot easier.",,
lesson_yue_l119_11,咁多人面前噉講，實落面。,Saying that in front of everyone is bound to show him up.,,
lesson_yue_l119_12,我唔想得罪佢，佢好記仇。,I don’t want to offend him — he holds a grudge.,,
lesson_yue_l119_13,唔同人食唔同套，睇對象啦。,Different people take a different approach — it depends who it is.,,
lesson_yue_l119_2,麻煩你幫我攞多兩個。,Sorry to trouble you — could you grab me two more?,,
lesson_yue_l119_3,幫幫忙啦，我一個人搬唔到。,Give us a hand — I can’t shift it on my own.,,
lesson_yue_l119_4,婉轉少少講，唔好咁直。,Put it a bit more gently — don’t be so blunt.,,
lesson_yue_l119_5,就住佢啦，佢啱啱先入嚟。,Go easy on him — he’s only just started.,,
lesson_yue_l119_6,唔使客氣，自己人。,No need to stand on ceremony — you’re one of us.,,
lesson_yue_l119_7,你太客氣喇，反而生外。,You’re being too formal — it puts a distance between us.,,
lesson_yue_l119_8,辛苦晒，今日多謝你。,Thanks for all your trouble today.,,
lesson_yue_l119_9,你聽日方唔方便嚟一趟？,Would it suit you to come by tomorrow?,,
lesson_yue_l119_v0,好聲好氣,gently; in a nice tone,,
lesson_yue_l119_v1,大聲夾惡,loud and aggressive,,
lesson_yue_l119_v10,落面,to make someone lose face — what you avoid,,
lesson_yue_l119_v11,得罪,to offend,,
lesson_yue_l119_v2,麻煩你,sorry to trouble you,,
lesson_yue_l119_v3,幫幫忙,do me a favour,,
lesson_yue_l119_v4,婉轉,tactful; put indirectly,,
lesson_yue_l119_v5,就住,go easy; ease off a bit,,
lesson_yue_l119_v6,客氣,polite; standing on ceremony,,
lesson_yue_l119_v7,辛苦晒,Thanks for the graft,,
lesson_yue_l119_v8,方便,convenient,,
lesson_yue_l119_v9,畀面,to give someone face,,
lesson_yue_l120_0,恐怕今日趕唔切喇。,I’m afraid we won’t make it today.,,
lesson_yue_l120_1,你嘅心意我心領咗，多謝。,I’ll take the thought — thank you.,,
lesson_yue_l120_10,畀個台階佢落啦。,Give him a way to climb down.,,
lesson_yue_l120_11,唔敢當，我都係做應份嘅嘢。,You’re too kind — I only did what I should.,,
lesson_yue_l120_12,真係唔得就講清楚，唔好當住人前。,"If it’s really no, say so plainly — just not in front of everyone.",,
lesson_yue_l120_13,多謝你睇得起我。,Thank you for thinking of me.,,
lesson_yue_l120_2,好難話，要睇佢肯唔肯。,Hard to say — depends whether he’s willing.,,
lesson_yue_l120_3,等我睇下先，聽日覆你。,Let me have a look first — I’ll get back to you tomorrow.,,
lesson_yue_l120_4,遲啲先講啦，而家好亂。,Let’s talk later — it’s chaos right now.,,
lesson_yue_l120_5,唔好講死，留返一線。,Don’t close it off — leave a line open.,,
lesson_yue_l120_6,佢一直推搪，都唔肯講實。,He keeps putting it off and won’t commit.,,
lesson_yue_l120_7,唔好搪塞我，講真話。,Don’t fob me off — tell me the truth.,,
lesson_yue_l120_8,一口拒絕就冇得返轉頭。,A flat refusal can’t be walked back.,,
lesson_yue_l120_9,幸好有人打圓場。,Luckily somebody smoothed it over.,,
lesson_yue_l120_v0,恐怕,I’m afraid; probably not,,
lesson_yue_l120_v1,心領,"thanks, but no (the thought is taken)",,
lesson_yue_l120_v10,台階,a way to climb down,,
lesson_yue_l120_v11,唔敢當,you’re too kind (deflecting praise),,
lesson_yue_l120_v2,好難話,hard to say,,
lesson_yue_l120_v3,睇下先,let me have a look first,,
lesson_yue_l120_v4,遲啲先,"later, not now",,
lesson_yue_l120_v5,留返一線,to leave a line open,,
lesson_yue_l120_v6,推搪,to put someone off,,
lesson_yue_l120_v7,搪塞,to fob someone off,,
lesson_yue_l120_v8,拒絕,to refuse outright,,
lesson_yue_l120_v9,打圓場,to smooth things over,,
lesson_yue_l121_0,沉住氣，唔好即刻覆。,Keep a lid on it — don’t reply straight away.,,
lesson_yue_l121_1,佢幾大鑊都好老定。,"However bad it gets, he stays completely unruffled.",,
lesson_yue_l121_10,嗰個管工惡死能登。,That foreman is a right tyrant.,,
lesson_yue_l121_11,佢喺出面擘大喉嚨嗌。,He was outside bellowing his head off.,,
lesson_yue_l121_12,佢靜雞雞走咗，冇同人講。,He slipped off quietly without telling anyone.,,
lesson_yue_l121_13,佢對我嚟講係條頂心杉。,He’s a thorn in my side.,,
lesson_yue_l121_14,人火滾嗰陣講道理冇用。,There’s no reasoning with someone while they’re up.,,
lesson_yue_l121_15,越講越大鑊，不如聽日再講。,The more we say the worse it gets — let’s pick it up tomorrow.,,
lesson_yue_l121_2,我忍咗手，冇鬧返轉頭。,I held back — I didn’t fire straight back.,,
lesson_yue_l121_3,夠喇，收口啦。,That’s enough — pack it in.,,
lesson_yue_l121_4,出去唞下氣先。,Go outside and get some air first.,,
lesson_yue_l121_5,做咗六個鐘，坐低唞氣都好。,Six hours in — even sitting down for a breather would help.,,
lesson_yue_l121_6,佢成日谷氣，因為冇人肯聽佢講。,He’s permanently bottled up because nobody will listen to him.,,
lesson_yue_l121_7,佢一聽就火滾。,He went up the moment he heard it.,,
lesson_yue_l121_8,谷咗成個禮拜氣，今日爆晒。,"A whole week of bottling it, and today it all came out.",,
lesson_yue_l121_9,唔好同佢拗，佢係唔會認嘅。,Don’t argue with him — he’s never going to admit it.,,
lesson_yue_l121_v0,沉住氣,to keep a lid on it,,
lesson_yue_l121_v1,老定,calm; settled; unflustered,,
lesson_yue_l121_v10,靜雞雞,quietly; on the sly,,
lesson_yue_l121_v11,頂心杉,a thorn in your side,,
lesson_yue_l121_v2,忍手,to hold back; not retaliate,,
lesson_yue_l121_v3,收口,to stop talking; shut it,,
lesson_yue_l121_v4,唞氣,to get some air; catch a breath,,
lesson_yue_l121_v5,火滾,furious; to go up,,
lesson_yue_l121_v6,谷氣,to bottle it up; pent-up,,
lesson_yue_l121_v7,拗,to argue over something,,
lesson_yue_l121_v8,惡死能登,fierce; bad-tempered,,
lesson_yue_l121_v9,擘大喉嚨,to bellow; shout the place down,,
lesson_yue_l122_0,睇餸食飯啦，冇咁多錢就唔好搞咁大。,"Cut your coat to your cloth — if the money isn’t there, don’t make it that big.",,
lesson_yue_l122_1,去到先算，見機行事。,We’ll see when we get there and play it as it comes.,,
lesson_yue_l122_10,今晚有應酬，返得遲。,I’ve got a work do tonight — I’ll be back late.,,
lesson_yue_l122_11,佢敷衍咗兩句就走咗。,He fobbed me off with a couple of words and left.,,
lesson_yue_l122_12,阿頭今朝黑口黑面，遲啲先問佢。,The boss has a face on him this morning — ask him later.,,
lesson_yue_l122_13,佢做咗十年都仲係咁死板。,Ten years in and he’s still that rigid.,,
lesson_yue_l122_2,佢好識睇眉頭眼額。,He’s very good at reading a face.,,
lesson_yue_l122_3,佢好識做，唔使人講。,He knows what to do without being told.,,
lesson_yue_l122_4,呢個後生仔幾醒目。,This young lad’s sharp.,,
lesson_yue_l122_5,佢好死板，一定要跟足程序。,He’s rigid — everything strictly by the procedure.,,
lesson_yue_l122_6,唔好執輸，快啲報名。,Don’t miss out — sign up quick.,,
lesson_yue_l122_7,唔好求其做，做返好佢。,Don’t just do it any old way — do it properly.,,
lesson_yue_l122_8,你隨便坐啦，唔使客氣。,Sit wherever you like — make yourself at home.,,
lesson_yue_l122_9,做嘢要有頭有尾。,"If you start something, see it through.",,
lesson_yue_l122_v0,睇餸食飯,to cut your coat to your cloth,,
lesson_yue_l122_v1,見機行事,to play it as it comes,,
lesson_yue_l122_v10,應酬,social duty; going through the motions,,
lesson_yue_l122_v11,敷衍,to fob off; do the bare minimum,,
lesson_yue_l122_v2,睇眉頭眼額,to read someone’s face,,
lesson_yue_l122_v3,識做,to know how to behave; to do the right thing,,
lesson_yue_l122_v4,醒目,sharp / on the ball,,
lesson_yue_l122_v5,死板,rigid; goes by the book,,
lesson_yue_l122_v6,執輸,to lose out by hanging back,,
lesson_yue_l122_v7,求其,any old way / not fussed,,
lesson_yue_l122_v8,隨便,as you like; casually,,
lesson_yue_l122_v9,有頭有尾,to see a thing through,,
lesson_yue_l123_0,佢好長氣，一講就半個鐘。,He’s so long-winded — once he starts it’s half an hour.,,
lesson_yue_l123_1,唔好東拉西扯，講重點。,Don’t ramble — get to the point.,,
lesson_yue_l123_10,我講到口水乾佢都唔明。,I talked myself hoarse and he still didn’t get it.,,
lesson_yue_l123_11,呢啲客好難應付。,These customers are hard work.,,
lesson_yue_l123_12,我唔喺電話度答，等我睇下先覆你。,I won’t answer on the phone — let me look and come back to you.,,
lesson_yue_l123_13,跟唔上都唔緊要，抄到數目就得。,"It doesn’t matter if you can’t keep up, as long as you get the figure down.",,
lesson_yue_l123_2,你講到好離題喇。,You’ve gone right off the subject.,,
lesson_yue_l123_3,返返去正題啦。,Let’s get back to the actual subject.,,
lesson_yue_l123_4,佢講得太快，我跟唔上。,He talks too fast — I can’t keep up.,,
lesson_yue_l123_5,成個會就得嗰個重點。,That one point was the whole meeting.,,
lesson_yue_l123_6,畀啲時間我消化下。,Give me a bit of time to take it in.,,
lesson_yue_l123_7,等我抄低個日期先。,Let me write the date down first.,,
lesson_yue_l123_8,佢好話頭醒尾，唔使講兩次。,He catches on fast — you never have to say it twice.,,
lesson_yue_l123_9,佢一句起兩句止，要追住問。,He gives you two words and stops — you have to keep at him.,,
lesson_yue_l123_v0,長氣,long-winded,,
lesson_yue_l123_v1,東拉西扯,to ramble all over the place,,
lesson_yue_l123_v10,講到口水乾,to talk yourself hoarse,,
lesson_yue_l123_v11,應付,to handle; to cope with,,
lesson_yue_l123_v2,離題,off the subject,,
lesson_yue_l123_v3,正題,the actual subject,,
lesson_yue_l123_v4,跟唔上,can’t keep up,,
lesson_yue_l123_v5,重點,the main point,,
lesson_yue_l123_v6,消化,to digest; take in,,
lesson_yue_l123_v7,抄低,to write down,,
lesson_yue_l123_v8,話頭醒尾,quick to catch on,,
lesson_yue_l123_v9,一句起兩句止,says two words and stops,,
lesson_yue_l124_0,喂？我聽唔清，你講大聲啲。,Hello? I can’t hear you clearly — speak up a bit.,,
lesson_yue_l124_1,你把聲斷斷續續。,You’re breaking up.,,
lesson_yue_l124_10,你覆述一次畀我聽。,Read it back to me.,,
lesson_yue_l124_11,我要同你確認個時間。,I need to confirm the time with you.,,
lesson_yue_l124_12,唔好靠估，打返電話問清楚。,Don’t guess — ring back and ask properly.,,
lesson_yue_l124_13,電話講唔清楚就打字畀我。,"If it won’t come across on the phone, type it to me.",,
lesson_yue_l124_14,二號門，唔係一號，記住。,"Gate two, not gate one — remember.",,
lesson_yue_l124_2,呢度訊號好差。,The reception’s terrible here.,,
lesson_yue_l124_3,唔好收線，等陣先。,Don’t hang up — hold on a moment.,,
lesson_yue_l124_4,我掛線喇，遲啲再傾。,I’ll hang up now — talk later.,,
lesson_yue_l124_5,佢冇聽電話，你留個言啦。,He didn’t pick up — leave him a message.,,
lesson_yue_l124_6,我留咗留言畀佢，未覆。,I left him a message — no reply yet.,,
lesson_yue_l124_7,我見到就即刻覆機。,I’ll ring straight back when I see it.,,
lesson_yue_l124_8,聽真啲，我講多次。,Listen carefully — I’ll say it again.,,
lesson_yue_l124_9,唔好意思，麻煩你講慢啲。,Sorry — could you say it a bit slower?,,
lesson_yue_l124_v0,聽唔清,can’t hear it clearly,,
lesson_yue_l124_v1,斷斷續續,breaking up; on and off,,
lesson_yue_l124_v10,確認,to confirm,,
lesson_yue_l124_v11,靠估,to go on guesswork,,
lesson_yue_l124_v2,訊號,signal; reception,,
lesson_yue_l124_v3,收線,to hang up; to end the call,,
lesson_yue_l124_v4,掛線,to hang up,,
lesson_yue_l124_v5,留言,to leave a message,,
lesson_yue_l124_v6,覆機,to ring back,,
lesson_yue_l124_v7,聽真啲,listen more carefully,,
lesson_yue_l124_v8,大聲啲,a bit louder,,
lesson_yue_l124_v9,覆述,to read it back,,
lesson_yue_l125_0,咩話？我聽唔到。,"Sorry, what? I didn’t catch that.",,
lesson_yue_l125_1,我聽漏咗個日期。,I missed the date.,,
lesson_yue_l125_10,呢個部分我未做過。,I haven’t done this part before.,,
lesson_yue_l125_11,佢扮明白，其實乜都唔知。,He pretended to follow — he had no idea.,,
lesson_yue_l125_12,講明邊一句，佢重覆嗰句就得。,Say which line and they’ll just repeat that one.,,
lesson_yue_l125_13,嗰陣氣氛好緊張，我怕打斷。,The atmosphere was tense — I didn’t want to interrupt.,,
lesson_yue_l125_2,你講漏咗一樣嘢。,You’ve left something out.,,
lesson_yue_l125_3,麻煩你重覆多次。,Could you say that once more?,,
lesson_yue_l125_4,唔好意思，兜返上一句。,Sorry — can we go back a line?,,
lesson_yue_l125_5,我一知半解，唔敢話識。,I only half get it — I wouldn’t claim to know.,,
lesson_yue_l125_6,估估下做落去，好易出事。,Carrying on by guesswork is how things go wrong.,,
lesson_yue_l125_7,唔使解釋，我意會到。,No need to explain — I get the sense of it.,,
lesson_yue_l125_8,大家心照啦，唔使講出嚟。,We both know — no need to say it out loud.,,
lesson_yue_l125_9,講具體啲，邊個部分？,Be more specific — which part?,,
lesson_yue_l125_v0,咩話,"sorry, what?",,
lesson_yue_l125_v1,聽漏,to miss (hearing) something,,
lesson_yue_l125_v10,部分,a part; a section,,
lesson_yue_l125_v11,扮,to pretend / to dress up as,,
lesson_yue_l125_v2,講漏,to leave something out,,
lesson_yue_l125_v3,重覆,to repeat,,
lesson_yue_l125_v4,兜返,to go back to (a point),,
lesson_yue_l125_v5,一知半解,to half understand,,
lesson_yue_l125_v6,估估下,by guesswork,,
lesson_yue_l125_v7,意會,to get the sense of it,,
lesson_yue_l125_v8,心照,we both know; unspoken understanding,,
lesson_yue_l125_v9,具體,specific; concrete,,
lesson_yue_l126_0,佢有口音，我要聽多兩次。,He’s got an accent — I need to hear it twice.,,
lesson_yue_l126_1,佢同屋企人講鄉下話。,He speaks the village dialect with his family.,,
lesson_yue_l126_10,陳師傅做咗三十年。,Master Chan’s been at it thirty years.,,
lesson_yue_l126_11,佢同你啱啱相反。,He’s the exact opposite of you.,,
lesson_yue_l126_12,你唔係聽唔明，你係未聽慣佢。,It’s not that you can’t understand — you’re just not used to him yet.,,
lesson_yue_l126_13,聽多啲，冇第二味藥。,Listen to more of it — there’s no other medicine.,,
lesson_yue_l126_2,佢咬字好清楚，好易聽。,He articulates clearly — easy to follow.,,
lesson_yue_l126_3,我一緊張就口窒窒。,The moment I get nervous I start stumbling.,,
lesson_yue_l126_4,佢講到唔清唔楚，冇人知點做。,He explained it so vaguely that nobody knows what to do.,,
lesson_yue_l126_5,佢講嘢好含糊，聽極都唔清。,He mumbles — you can listen all you like and still not catch it.,,
lesson_yue_l126_6,佢快人快語，唔係惡意。,He’s quick and blunt — he doesn’t mean anything by it.,,
lesson_yue_l126_7,佢做嘢慢吞吞，但係好穩陣。,"He works slowly, but he’s dependable.",,
lesson_yue_l126_8,聽慣咗就冇問題。,"Once you’re used to it, it’s no trouble.",,
lesson_yue_l126_9,呢次我明晒，一句都冇漏。,I got all of it this time — didn’t miss a line.,,
lesson_yue_l126_v0,口音,an accent,,
lesson_yue_l126_v1,鄉下話,the village dialect; home speech,,
lesson_yue_l126_v10,師傅,skilled hand / master (how you address one),,
lesson_yue_l126_v11,相反,the opposite,,
lesson_yue_l126_v2,咬字,the way someone shapes words,,
lesson_yue_l126_v3,口窒窒,to stumble over your words,,
lesson_yue_l126_v4,唔清唔楚,unclear; half-said,,
lesson_yue_l126_v5,含糊,mumbled; vague,,
lesson_yue_l126_v6,快人快語,a fast talker; blunt and quick,,
lesson_yue_l126_v7,慢吞吞,slow as anything,,
lesson_yue_l126_v8,聽慣,to be used to hearing,,
lesson_yue_l126_v9,明晒,to get all of it,,
lesson_yue_l127_0,我示範一次，你睇住。,I’ll show you once — watch.,,
lesson_yue_l127_1,佢仲係生手，畀多啲時間。,He’s still new — give him more time.,,
lesson_yue_l127_10,我用咗兩個禮拜教識佢。,It took me two weeks to get him doing it properly.,,
lesson_yue_l127_11,唔好跳步驟，一步一步嚟。,Don’t skip steps — one at a time.,,
lesson_yue_l127_12,呢樣嘢冇捷徑。,There’s no short cut with this.,,
lesson_yue_l127_13,頭三日冇人會怪你問嘢。,Nobody minds questions in the first three days.,,
lesson_yue_l127_2,揾個熟手嚟做快好多。,Get someone experienced on it and it’s far quicker.,,
lesson_yue_l127_3,佢一個禮拜就上手。,He was up to speed in a week.,,
lesson_yue_l127_4,佢手勢好靚，切得好齊。,He’s got a lovely touch — cuts it dead even.,,
lesson_yue_l127_5,唔好未問就落手。,Don’t put your hands on it before you’ve asked.,,
lesson_yue_l127_6,佢肯落手落腳同我哋做。,He’s willing to muck in properly with us.,,
lesson_yue_l127_7,書上冇寫就要執生。,If it’s not in the book you play it by ear.,,
lesson_yue_l127_8,執生唔等於亂嚟。,Playing it by ear isn’t doing whatever you like.,,
lesson_yue_l127_9,熟能生巧，做多幾次就得。,Practice makes perfect — do it a few more times and you’ll have it.,,
lesson_yue_l127_v0,示範,to demonstrate; a demonstration,,
lesson_yue_l127_v1,生手,new at it; inexperienced,,
lesson_yue_l127_v10,跳,to jump,,
lesson_yue_l127_v11,捷徑,a short cut,,
lesson_yue_l127_v2,熟手,experienced; practised,,
lesson_yue_l127_v3,上手,to get up to speed,,
lesson_yue_l127_v4,手勢,the knack; someone’s touch,,
lesson_yue_l127_v5,落手,to put your hands on it; to start,,
lesson_yue_l127_v6,落手落腳,to muck in properly,,
lesson_yue_l127_v7,執生,to improvise / wing it,,
lesson_yue_l127_v8,熟能生巧,practice makes perfect,,
lesson_yue_l127_v9,教識,to teach someone until they can do it,,
lesson_yue_l128_0,三號房出咗事，你嚟一嚟。,Something’s gone wrong in Room 3 — come over.,,
lesson_yue_l128_1,瞞到最後一定爆煲。,Hide it long enough and it’s bound to blow up.,,
lesson_yue_l128_10,噉樣做我哋好蝕底。,We come off badly if we do it that way.,,
lesson_yue_l128_11,而家唔係追究邊個，係搞掂佢。,"Right now it’s not about whose fault it is, it’s about sorting it.",,
lesson_yue_l128_12,責任喺我度，我唔推。,It’s on me and I’m not passing it on.,,
lesson_yue_l128_13,多謝你冇瞞住我。,Thank you for not keeping it from me.,,
lesson_yue_l128_2,佢肯認錯，已經好好。,"He owned up, which is already something.",,
lesson_yue_l128_3,唔好次次都要我孭飛。,Don’t leave me carrying the can every time.,,
lesson_yue_l128_4,唔好幫佢頂罪。,Don’t take the blame for him.,,
lesson_yue_l128_5,而家最緊要係補鑊。,Right now the important thing is fixing it.,,
lesson_yue_l128_6,仲補救得到，唔算太遲。,It can still be put right — not too late.,,
lesson_yue_l128_7,哩單嘢一定要上報。,This one has to go up the line.,,
lesson_yue_l128_8,佢隱瞞咗成個禮拜。,He kept it hidden for a whole week.,,
lesson_yue_l128_9,亡羊補牢，好過唔補。,Better late than not at all.,,
lesson_yue_l128_v0,出事,for something to go wrong,,
lesson_yue_l128_v1,爆煲,to blow up; for it all to come out,,
lesson_yue_l128_v10,蝕底,to come off worse,,
lesson_yue_l128_v11,追究,to pursue who was at fault,,
lesson_yue_l128_v2,認錯,to own up,,
lesson_yue_l128_v3,孭飛,to carry the can,,
lesson_yue_l128_v4,頂罪,to take the blame for someone else,,
lesson_yue_l128_v5,補鑊,to fix a mess,,
lesson_yue_l128_v6,補救,to undo / put right after the fact,,
lesson_yue_l128_v7,上報,to report it upward,,
lesson_yue_l128_v8,隱瞞,to keep something hidden,,
lesson_yue_l128_v9,亡羊補牢,to shut the gate after the horse has gone,,
lesson_yue_l129_0,我聽日去同佢哋講數。,I’m going to settle terms with them tomorrow.,,
lesson_yue_l129_1,終於傾掂咗。,We finally got it agreed.,,
lesson_yue_l129_10,成本升咗，冇得唔加。,Costs are up — there’s no not raising it.,,
lesson_yue_l129_11,我今朝落咗單。,I placed the order this morning.,,
lesson_yue_l129_12,講數唔係鬥惡。,Bargaining isn’t about who’s more aggressive.,,
lesson_yue_l129_13,傾掂咗就寫低，唔好淨係口頭講。,Once it’s agreed write it down — don’t leave it spoken.,,
lesson_yue_l129_2,佢開價開得好高。,He opened very high.,,
lesson_yue_l129_3,唔好即刻應，還下價先。,Don’t agree straight off — counter first.,,
lesson_yue_l129_4,兩邊各讓一步就得。,Both sides give a bit and it’s done.,,
lesson_yue_l129_5,我個底線係五個字。,My bottom line is five.,,
lesson_yue_l129_6,不如折衷，一人一半。,Let’s split the difference — half each.,,
lesson_yue_l129_7,拉勻計都唔算貴。,Averaged out it isn’t dear.,,
lesson_yue_l129_8,做到打和已經唔錯。,Breaking even is not bad going.,,
lesson_yue_l129_9,畀多三十日數期得唔得？,Could you give us another thirty days to pay?,,
lesson_yue_l129_v0,講數,to bargain; to settle terms,,
lesson_yue_l129_v1,傾掂,to get it agreed,,
lesson_yue_l129_v10,成本,cost,,
lesson_yue_l129_v11,落單,to place an order,,
lesson_yue_l129_v2,開價,to open with a price,,
lesson_yue_l129_v3,還價,to counter-offer,,
lesson_yue_l129_v4,讓步,to give ground,,
lesson_yue_l129_v5,底線,a bottom line,,
lesson_yue_l129_v6,折衷,to split the difference,,
lesson_yue_l129_v7,拉勻,averaged out,,
lesson_yue_l129_v8,打和,to come out level,,
lesson_yue_l129_v9,數期,payment terms,,
lesson_yue_l130_0,我哋分工，唔好爭住做同一樣。,Let’s split it up — don’t all pile onto the same job.,,
lesson_yue_l130_1,我聽日再跟進。,I’ll follow it up tomorrow.,,
lesson_yue_l130_10,今次勉強過骨。,We scraped through this time.,,
lesson_yue_l130_11,跟進係早啲揾到問題。,Following up means finding the problem earlier.,,
lesson_yue_l130_12,邊個做完先就過去幫手。,Whoever finishes first goes and helps.,,
lesson_yue_l130_13,客等緊，唔可以拖。,The customer’s waiting — we can’t let it drag.,,
lesson_yue_l130_2,唔使催，我做緊。,No need to chase — I’m on it.,,
lesson_yue_l130_3,星期五個死線郁唔到。,Friday’s deadline can’t move.,,
lesson_yue_l130_4,而家個進度點？,Where are we up to?,,
lesson_yue_l130_5,邊個聽日幫我頂更？,Who’s covering my shift tomorrow?,,
lesson_yue_l130_6,個更表出咗未？,Is the rota out yet?,,
lesson_yue_l130_7,趕唔切就排期做。,"If we can’t make it, schedule it in.",,
lesson_yue_l130_8,越早講越好，唔好臨門先講。,The earlier you say the better — not at the last minute.,,
lesson_yue_l130_9,佢一個人一腳踢，好辛苦。,He’s doing the whole lot on his own — it’s hard going.,,
lesson_yue_l130_v0,分工,to divide the work,,
lesson_yue_l130_v1,跟進,to follow up,,
lesson_yue_l130_v10,一腳踢,to do the whole lot single-handed,,
lesson_yue_l130_v11,過骨,to scrape through,,
lesson_yue_l130_v2,催,to chase; to hurry someone,,
lesson_yue_l130_v3,死線,the deadline,,
lesson_yue_l130_v4,進度,progress; where you are,,
lesson_yue_l130_v5,頂更,to cover someone’s shift,,
lesson_yue_l130_v6,更表,the rota,,
lesson_yue_l130_v7,排期,to schedule; to reschedule,,
lesson_yue_l130_v8,趕唔切,won’t make it in time,,
lesson_yue_l130_v9,臨門,at the last minute,,
lesson_yue_l131_0,我搭咗句嘴，冇諗到佢咁嬲。,I chipped in and didn’t expect him to take it so badly.,,
lesson_yue_l131_1,佢哋傾緊，你唔好搭嘴。,They’re in the middle of something — don’t chip in.,,
lesson_yue_l131_10,佢好通氣，唔使開口就攞咗畀我。,He’s thoughtful — got it for me before I asked.,,
lesson_yue_l131_11,識趣就唔好再問落去。,If you’ve any sense you’ll leave it there.,,
lesson_yue_l131_12,佢好醒水，一睇就知有事。,He’s switched on — one look and he knew something was up.,,
lesson_yue_l131_13,早十分鐘到，倒杯茶，聽佢哋講。,"Get in ten minutes early, pour a cup of tea, and listen to them.",,
lesson_yue_l131_14,埋堆唔係擦鞋。,Getting in with people isn’t crawling.,,
lesson_yue_l131_2,佢好識搭訕，去到邊都有得傾。,He’s good at striking up a chat — anywhere he goes he finds someone to talk to.,,
lesson_yue_l131_3,你要埋下堆，唔好收工就走。,Get in with them a bit — don’t just leave the moment you finish.,,
lesson_yue_l131_4,我同佢仲未熟絡。,He and I aren’t really familiar yet.,,
lesson_yue_l131_5,哩位好面熟，喺邊度見過。,This one looks familiar — I’ve seen him somewhere.,,
lesson_yue_l131_6,佢個樣好面善，好易傾。,He’s got a kind face — easy to talk to.,,
lesson_yue_l131_7,我同佢阿哥好相熟。,I know his brother well.,,
lesson_yue_l131_8,唔使咁見外，攞嚟食啦。,Don’t stand on ceremony — help yourself.,,
lesson_yue_l131_9,佢係我老友記，廿年喇。,He’s an old mate — twenty years.,,
lesson_yue_l131_v0,搭嘴,to chip in to a conversation,,
lesson_yue_l131_v1,搭訕,to strike up a chat,,
lesson_yue_l131_v10,識趣,to know when to leave it,,
lesson_yue_l131_v11,醒水,switched on; quick to notice,,
lesson_yue_l131_v2,埋堆,to get in with a group,,
lesson_yue_l131_v3,熟絡,on familiar terms,,
lesson_yue_l131_v4,面熟,a familiar face,,
lesson_yue_l131_v5,面善,kind-looking; approachable,,
lesson_yue_l131_v6,相熟,well acquainted,,
lesson_yue_l131_v7,見外,to treat someone as an outsider,,
lesson_yue_l131_v8,老友記,an old mate,,
lesson_yue_l131_v9,通氣,considerate; reads the situation,,
lesson_yue_l132_0,你好八卦喎，乜都要知。,You’re nosy — you have to know everything.,,
lesson_yue_l132_1,佢問咁多係關心你。,She asks all that because she cares about you.,,
lesson_yue_l132_10,我唔想冒犯你，不過要講。,"I don’t mean to offend you, but it has to be said.",,
lesson_yue_l132_11,哩行人工唔算高。,This trade doesn’t pay especially well.,,
lesson_yue_l132_12,講開又講，你幾時搬屋？,Since we’re on it — when are you moving?,,
lesson_yue_l132_13,夠食啫，唔夠買樓。,Enough to eat — not enough to buy a flat.,,
lesson_yue_l132_14,答一半，問返一句。,"Answer half, and ask one back.",,
lesson_yue_l132_2,哩啲私事，唔好周圍講。,That’s private — don’t go telling people.,,
lesson_yue_l132_3,佢好似有心事，成日唔出聲。,Something’s on his mind — he’s been quiet all day.,,
lesson_yue_l132_4,佢笑住岔開咗個話題。,He laughed and steered the subject away.,,
lesson_yue_l132_5,哩樣畀我保留啦。,Let me keep that one to myself.,,
lesson_yue_l132_6,佢面皮薄，唔好當眾講佢。,He’s easily embarrassed — don’t pull him up in front of everyone.,,
lesson_yue_l132_7,佢面皮夠厚，畀人鬧都笑得出。,He’s thick-skinned enough to laugh through a telling-off.,,
lesson_yue_l132_8,做銷售要面皮厚先得。,You need a thick skin to work in sales.,,
lesson_yue_l132_9,佢一畀人讚就面紅。,She goes red the moment anyone praises her.,,
lesson_yue_l132_v0,八卦,nosy; gossipy,,
lesson_yue_l132_v1,關心,to care about someone,,
lesson_yue_l132_v10,人工,wages,,
lesson_yue_l132_v11,講開,since we’re on the subject,,
lesson_yue_l132_v2,私事,a private matter,,
lesson_yue_l132_v3,心事,something on your mind,,
lesson_yue_l132_v4,岔開,to steer the subject away,,
lesson_yue_l132_v5,保留,to keep something back,,
lesson_yue_l132_v6,面皮薄,shy; easily embarrassed,,
lesson_yue_l132_v7,面皮厚,thick-skinned; brazen,,
lesson_yue_l132_v8,面紅,to go red,,
lesson_yue_l132_v9,冒犯,to give offence,,
lesson_yue_l133_0,佢哋淨係玩你嘅啫。,They’re only having you on.,,
lesson_yue_l133_1,唔好蝦新嚟嗰個。,Don’t pick on the new one.,,
lesson_yue_l133_10,私底下同佢講，唔好當眾。,"Say it to him in private, not in front of everyone.",,
lesson_yue_l133_11,你留意下佢對唔同人點講嘢。,Notice how differently he talks to different people.,,
lesson_yue_l133_12,當眾鬧人一定唔會有好結果。,Telling someone off in public never ends well.,,
lesson_yue_l133_13,開個玩笑啫，唔好認真。,It’s only a joke — don’t take it seriously.,,
lesson_yue_l133_14,玩得你，即係當你自己人。,"If they tease you, they count you as one of their own.",,
lesson_yue_l133_15,笑你把聲得，笑你屋企就唔得。,"Laughing at your accent is fine — at your family, no.",,
lesson_yue_l133_2,佢輸咗你仲攞景。,He lost and you’re still rubbing it in.,,
lesson_yue_l133_3,咪玩啦，我趕住走。,Give over — I’m in a hurry.,,
lesson_yue_l133_4,講笑講到過咗火。,The joking went too far.,,
lesson_yue_l133_5,哩次真係過火，我唔笑得出。,That was over the line — I couldn’t laugh at it.,,
lesson_yue_l133_6,佢好心水清，唔會信人講咩就咩。,He sees things straight — he won’t believe whatever he’s told.,,
lesson_yue_l133_7,佢賣個人情畀我，我要記住。,He did me a favour — I owe him one.,,
lesson_yue_l133_8,幫佢一次，賣人情好過講數。,Help him once — banking the goodwill beats bargaining.,,
lesson_yue_l133_9,夠喇，收手啦。,That’s enough — lay off.,,
lesson_yue_l133_v0,玩嘢,to mess about / pull a stunt,,
lesson_yue_l133_v1,蝦人,to bully; to pick on someone,,
lesson_yue_l133_v10,當眾,in front of everyone,,
lesson_yue_l133_v11,玩笑,a joke,,
lesson_yue_l133_v2,攞景,to rub it in; to gloat,,
lesson_yue_l133_v3,咪玩啦,pack it in / stop messing about,,
lesson_yue_l133_v4,過火,to go too far,,
lesson_yue_l133_v5,心水清,clear-headed; sees it straight,,
lesson_yue_l133_v6,賣人情,to do someone a favour they will owe,,
lesson_yue_l133_v7,收手,to stop; to lay off,,
lesson_yue_l133_v8,私底下,in private,,
lesson_yue_l133_v9,留意,"to keep an eye on, to watch out for",,
lesson_yue_l134_0,我講下我嘅睇法。,Let me give you my view.,,
lesson_yue_l134_1,佢喺哩方面好有見解。,He really knows what he’s talking about on this.,,
lesson_yue_l134_10,畀數據佢睇，唔好淨係講感覺。,Show him the figures — don’t just talk about how it feels.,,
lesson_yue_l134_11,唔好當眾同佢對撼。,Don’t square up to him in front of everyone.,,
lesson_yue_l134_12,我有個諗法，你聽下啱唔啱。,I’ve got an idea — tell me if it holds up.,,
lesson_yue_l134_13,你當年點解揀哩個方法？,Why did you pick that method back then?,,
lesson_yue_l134_2,我明白你嘅立場。,I understand where you stand.,,
lesson_yue_l134_3,哩件事我要企硬。,On this one I’m holding my ground.,,
lesson_yue_l134_4,佢傾傾下就軟化咗。,He came round as we talked.,,
lesson_yue_l134_5,佢淨係識唱反調。,All he ever does is take the opposite line.,,
lesson_yue_l134_6,我唔係反對，我係想清楚啲。,"I’m not against it, I just want to be clear.",,
lesson_yue_l134_7,佢質疑個數字，佢啱。,"He questioned the figure, and he was right to.",,
lesson_yue_l134_8,細事就遷就下佢啦。,It’s a small thing — give way on it.,,
lesson_yue_l134_9,哩啲嘢見仁見智。,That sort of thing is each to their own.,,
lesson_yue_l134_v0,睇法,a view; how you see it,,
lesson_yue_l134_v1,見解,an informed opinion,,
lesson_yue_l134_v10,數據,"data, figures",,
lesson_yue_l134_v11,對撼,to square up to; go head to head,,
lesson_yue_l134_v2,立場,a position; where you stand,,
lesson_yue_l134_v3,企硬,to hold your ground,,
lesson_yue_l134_v4,軟化,to soften; to come round,,
lesson_yue_l134_v5,唱反調,to take the contrary line,,
lesson_yue_l134_v6,反對,to oppose,,
lesson_yue_l134_v7,質疑,to question; to challenge,,
lesson_yue_l134_v8,遷就,to accommodate; give way,,
lesson_yue_l134_v9,見仁見智,each to their own,,
lesson_yue_l2_v15,好嚹,"(particle — ""already"", situation has changed)",,
lesson_yue_l43_v3,係咓,(particle — softening a question or reminder),,
lesson_yue_l51_v3,一拃,(classifier for a handful),,
lesson_yue_l55_v4,一嚿,a lump — the classifier for chunks and blocks,,
lesson_yue_l59_v4,好鮓,"lousy, shoddy",,
lesson_yue_l84_v5,讕醒,"to put it on, to act as if",,
lesson_yue_l90_v0,㧬開,"to shove, to push with the body",,
lesson_yue_l98_0,佢唔單止遲到，仲要唔出聲。,"Not only was he late, he didn’t say a word about it.",,
lesson_yue_l98_1,嗰輪我做兩份工，攰到成世都唔想再試。,That spell I worked two jobs — knackering enough to last me a lifetime.,,
lesson_yue_l98_2,照計佢應該到咗喇。,By rights he should be here by now.,,
lesson_yue_l98_3,哩間嘅牛腩麵冇得頂。,The brisket noodles here can’t be beaten.,,
lesson_yue_l98_4,我心諗唔好啦，點知真係出事。,I thought to myself this won’t end well — and sure enough it didn’t.,,
lesson_yue_l98_5,佢幾可請人食飯，今次真係難得。,He hardly ever buys anyone dinner — this is a rare one.,,
lesson_yue_l98_6,講返舊陣時，大家都覺得有啲唏噓。,Talking about the old days left everyone a bit wistful.,,
lesson_yue_l98_7,抵死啦你，我叫咗你唔好郁。,Serves you right — I told you not to touch it.,,
lesson_yue_l98_v0,一時時,it varies; depends on the day,,
lesson_yue_l98_v1,事關,because — the spoken one,,
lesson_yue_l98_v10,心諗,to think to yourself,,
lesson_yue_l98_v11,成世,a whole lifetime,,
lesson_yue_l98_v12,抵死,serves you right — see the note,,
lesson_yue_l98_v13,照計,"by rights, going by that",,
lesson_yue_l98_v14,臨尾,right at the last minute,,
lesson_yue_l98_v15,舊陣時,back in the day,,
lesson_yue_l98_v16,貿貿然,"rashly, without thinking",,
lesson_yue_l98_v17,難講,hard to say,,
lesson_yue_l98_v2,冇得頂,"unbeatable, can’t be topped",,
lesson_yue_l98_v3,卒之,"in the end, finally",,
lesson_yue_l98_v4,唏噓,"wistful, a bit sad about it",,
lesson_yue_l98_v5,唔單止,not only — stronger than 唔只,,
lesson_yue_l98_v6,嗰輪,"that spell, around that time",,
lesson_yue_l98_v7,好在,"luckily, just as well",,
lesson_yue_l98_v8,專登,"on purpose, deliberately",,
lesson_yue_l98_v9,幾可,"hardly likely, rarely",,
lesson_yue_l99_0,我哥哥係廚師，喺茶餐廳做咗十年。,My older brother’s a chef — ten years in a cha chaan teng.,,
lesson_yue_l99_1,個信差話冇人簽收，所以攞返走。,"The courier said nobody signed for it, so he took it back.",,
lesson_yue_l99_10,個街市成朝都係師奶。,The market’s full of housewives all morning.,,
lesson_yue_l99_11,死仔，快啲返嚟食飯。,You little sod — get back here for your dinner.,,
lesson_yue_l99_2,小朋友，過嚟坐低，唔好企喺度。,"Come and sit down, love — don’t stand about there.",,
lesson_yue_l99_3,我個親戚係髮型師，剪得好靚。,A relative of mine is a hairdresser — she cuts really well.,,
lesson_yue_l99_4,差人問咗兩句就走咗。,The coppers asked a couple of questions and left.,,
lesson_yue_l99_5,嗰個團友成日遲到，搞到大家等。,That one on the tour is always late and keeps everyone waiting.,,
lesson_yue_l99_6,街市個雞販話今日冇貨。,The poultry man at the market says there’s none in today.,,
lesson_yue_l99_7,佢係大人喇，唔使你話佢。,He’s a grown man — he doesn’t need telling by you.,,
lesson_yue_l99_8,唔好信啲所謂專家，自己睇清楚。,Don’t trust the so-called experts — look at it yourself.,,
lesson_yue_l99_9,夜晚鎖好門，怕有賊佬。,Lock up properly at night in case of thieves.,,
lesson_yue_l99_v0,主人家,"the owner, whoever’s house it is",,
lesson_yue_l99_v1,信差,"a courier, a messenger",,
lesson_yue_l99_v10,後生仔,a young lad,,
lesson_yue_l99_v11,死仔,you little sod — see the note,,
lesson_yue_l99_v12,細路仔,"a kid, a little boy",,
lesson_yue_l99_v13,老人家,an old person — respectful,,
lesson_yue_l99_v14,親戚,a relative,,
lesson_yue_l99_v15,賊佬,a thief,,
lesson_yue_l99_v16,雞販,a poultry seller,,
lesson_yue_l99_v17,髮型師,a hairdresser,,
lesson_yue_l99_v2,哥哥,older brother,,
lesson_yue_l99_v3,團友,someone on the same tour,,
lesson_yue_l99_v4,大人,a grown-up,,
lesson_yue_l99_v5,專家,an expert,,
lesson_yue_l99_v6,小朋友,a child — how you address one,,
lesson_yue_l99_v7,差人,"a copper — ordinary, not rude",,
lesson_yue_l99_v8,師奶,a housewife — see the note,,
lesson_yue_l99_v9,廚師,a chef,,
pack_yp90_0,得，我遲啲買。,Sure — I’ll buy them later.,,
pack_yp90_1,等陣，我而家手上有嘢。,Hold on — I’ve got my hands full right now.,,
pack_yp90_2,晏啲我落去攞。,I’ll go down and get it later today.,,
pack_yp90_3,遲下唔得閒，不如而家做。,I’ll be tied up later on — might as well do it now.,,
pack_yp90_4,我轉頭覆你。,I’ll get back to you shortly.,,
pack_yp90_5,唔係遲啲，係聽日。,Not “later” — tomorrow.,,
pack_yp90_6,出咗糧我就買。,I’ll buy it once we’ve been paid.,,
word_yue_晏啲,晏啲,"later today (晏 is aan3, never ngaan3)",,
word_yue_等陣,等陣,"hold on — in a minute, in this conversation",,
word_yue_遲下,遲下,later on — vaguer than 遲啲,,
