ID,Japanese_Text,English_Text,Japanese_Female_Sound,Japanese_Male_Sound
lesson_ja_l1_0,今日は暑いね。,"Hot today, isn't it.",,
lesson_ja_l1_1,それ、私のだよ。,That one's mine.,,
lesson_ja_l1_2,もう食べてる。,I'm already eating.,,
lesson_ja_l1_3,何？聞こえなかった。,What? I didn't catch that.,,
lesson_ja_l1_v0,うん,yeah; uh-huh; mm (agreeing),,
lesson_ja_l1_v1,だ,is; are (plain copula),,
lesson_ja_l1_v2,の,'s; of (links two nouns); softens a question,,
lesson_ja_l1_v3,か,question marker; or,,
lesson_ja_l1_v4,ね,right?; isn't it? (seeks agreement),,
lesson_ja_l1_v5,た,past-tense ending: did; was,,
lesson_ja_l1_v6,で,at; in; by means of,,
lesson_ja_l1_v7,て,and then; -ing (links verbs),,
lesson_ja_l1_v8,そう,that way; is that so,,
lesson_ja_l1_v9,と,with; and; if,,
lesson_ja_l1_v10,が,marks the subject; but,,
lesson_ja_l1_v11,は,as for; marks the topic,,
lesson_ja_l1_v12,も,too; also; even,,
lesson_ja_l1_v13,に,to; at; in; for,,
lesson_ja_l1_v14,よ,you know; I'm telling you,,
lesson_ja_l1_v15,てる,-ing; is doing (short for ている),,
lesson_ja_l1_v16,何,what,,
lesson_ja_l1_v17,って,said; called (quoting),,
lesson_ja_l1_d0,何食べてんの？,What are you eating?,,
lesson_ja_l1_d1,うん？これ？パンだよ。,Hm? This? It's bread.,,
lesson_ja_l1_d2,そっか。おいしいの？,Ah. Is it any good?,,
lesson_ja_l1_d3,うん、まあまあだね。,"Yeah, it's alright.",,
lesson_ja_l2_0,これ、いいですね。,This is nice.,,
lesson_ja_l2_1,もう時間ないよ。,There's no time left.,,
lesson_ja_l2_2,疲れたから、帰る。,"I'm tired, so I'm going home.",,
lesson_ja_l2_3,あの、ちょっといいですか。,"Um, do you have a second?",,
lesson_ja_l2_v0,です,is; are (polite),,
lesson_ja_l2_v1,言う,"to say, to tell",,
lesson_ja_l2_v2,から,from; because; since,,
lesson_ja_l2_v3,ない,not there; there isn’t any,,
lesson_ja_l2_v4,する,to do; to carry out,,
lesson_ja_l2_v5,ああ,ah; like that,,
lesson_ja_l2_v6,あっ,oh! — sudden realisation,,
lesson_ja_l2_v7,はい,yes; here you go; right,,
lesson_ja_l2_v8,あの,that over there — before a noun,,
lesson_ja_l2_v9,いい,good; fine; OK — よい is the written form,,
lesson_ja_l2_v10,けれど,but; though,,
lesson_ja_l2_v11,な,huh; I tell you (soft ending),,
lesson_ja_l2_v12,それ,that (near you),,
lesson_ja_l2_v13,ある,"to be, to exist (things)",,
lesson_ja_l2_v14,を,marks the object,,
lesson_ja_l2_v15,ます,polite verb ending,,
lesson_ja_l2_v16,もう,already; anymore; soon,,
lesson_ja_l2_v17,これ,this (near me),,
lesson_ja_l2_d0,すみません、これ、ありますか？,"Excuse me, do you have this?",,
lesson_ja_l2_d1,あっ、はい。ありますよ。,"Oh — yes, we do.",,
lesson_ja_l2_d2,じゃあ、それをください。,"I'll take it, then.",,
lesson_ja_l2_d3,あの、これはもうないんですけど。,"Um, we're actually out of that one.",,
lesson_ja_l3_0,もう行くね。,I'm off.,,
lesson_ja_l3_1,それ、やっちゃった。,Yeah — I went and did that.,,
lesson_ja_l3_2,いいと思うよ。,I reckon it's fine.,,
lesson_ja_l3_3,雨になるみたい。,Looks like it's going to rain.,,
lesson_ja_l3_v0,行く,to go,,
lesson_ja_l3_v1,さ,you know (casual ending),,
lesson_ja_l3_v2,まあ,well…; sort of,,
lesson_ja_l3_v3,やる,to do (casual); to give (downward),,
lesson_ja_l3_v4,思う,"to think, to reckon",,
lesson_ja_l3_v5,なる,"to become, to turn into",,
lesson_ja_l3_v6,くる,to come,,
lesson_ja_l3_v8,いや,no; nah; ugh,,
lesson_ja_l3_v9,こと,"a thing, a matter (abstract)",,
lesson_ja_l3_v10,えっ,eh? — surprise,,
lesson_ja_l3_v11,一,one,,
lesson_ja_l3_v12,ちゃう,ends up doing; does by mistake (short for てしまう),,
lesson_ja_l3_v13,あれ,that over there,,
lesson_ja_l3_v14,みたい,seems like; like a,,
lesson_ja_l3_v15,その,that — before a noun,,
lesson_ja_l3_v16,こう,like this,,
lesson_ja_l3_v17,つう,called; like (casual っていう),,
lesson_ja_l3_d0,明日、行く？,You going tomorrow?,,
lesson_ja_l3_d1,えっ、明日だっけ？,Huh — is it tomorrow?,,
lesson_ja_l3_d2,そう。一緒に行こうと思ってさ。,Yeah. I was thinking we'd go together.,,
lesson_ja_l3_d3,いや、ちょっと無理かも。,"Ah, that might not work for me.",,
lesson_ja_l4_0,今、どこにいるの？,Where are you right now?,,
lesson_ja_l4_1,すごい人だね。,What a crowd.,,
lesson_ja_l4_2,どのくらいかかる？,How long will it take?,,
lesson_ja_l4_3,あ、わかった。,Ah — got it.,,
lesson_ja_l4_v0,すごい,amazing; terrible,,
lesson_ja_l4_v1,人,a person,,
lesson_ja_l4_v2,時,time; when,,
lesson_ja_l4_v3,いる,"to be, to exist (people, animals)",,
lesson_ja_l4_v4,わかる,"to understand, to get it",,
lesson_ja_l4_v5,ええ,yes (soft); huh?,,
lesson_ja_l4_v6,見る,"to see, to watch, to look at",,
lesson_ja_l4_v7,私,"I, me",,
lesson_ja_l4_v8,本当,true; really,,
lesson_ja_l4_v9,今,now,,
lesson_ja_l4_v10,ふん,hmm; uh-huh; hmph,,
lesson_ja_l4_v11,どう,"how, in what way",,
lesson_ja_l4_v12,くらい,about; roughly; to the extent of,,
lesson_ja_l4_v13,二,two,,
lesson_ja_l4_v14,じゃん,ta-dah!; ta-da!; voilà!,,
lesson_ja_l4_v15,この,this — before a noun,,
lesson_ja_l4_v16,やはり,as expected — formal やっぱり,,
lesson_ja_l4_v17,ん,mm; uh (short for の),,
lesson_ja_l4_d0,見て、これ。,Look at this.,,
lesson_ja_l4_d1,えっ、すごいじゃん。,Whoa — that's amazing.,,
lesson_ja_l4_d2,でしょ？二時間かかったの。,Right? It took me two hours.,,
lesson_ja_l4_d3,本当？へえ、わかんないもんだね。,Really? Huh — you'd never know.,,
lesson_ja_l5_0,そんな感じ。,Something like that.,,
lesson_ja_l5_1,三時じゃなくて十時だよ。,"It's ten, not three.",,
lesson_ja_l5_2,これだけでいい。,This much is fine.,,
lesson_ja_l5_3,違うところに置いた。,I put it somewhere else.,,
lesson_ja_l5_v0,方,direction; the ... one,,
lesson_ja_l5_v1,へえ,"oh, yes?; really?",,
lesson_ja_l5_v2,違う,to differ; that’s wrong,,
lesson_ja_l5_v3,ところ,a place; the point where,,
lesson_ja_l5_v4,れる,passive/potential ending: is done; can do,,
lesson_ja_l5_v5,食べる,to eat,,
lesson_ja_l5_v6,ば,if; when,,
lesson_ja_l5_v7,そんな,that sort of,,
lesson_ja_l5_v8,ここ,here,,
lesson_ja_l5_v9,し,and (listing reasons),,
lesson_ja_l5_v10,後,after — as in 後で,,
lesson_ja_l5_v11,十,ten; ten years of age,,
lesson_ja_l5_v12,感じ,"a feeling, an impression",,
lesson_ja_l5_v13,だけ,"only, just",,
lesson_ja_l5_v14,えーと,um; er; let me see,,
lesson_ja_l5_v15,三,three,,
lesson_ja_l5_v16,そこ,there (near you),,
lesson_ja_l5_v17,たい,want to (verb ending),,
lesson_ja_l5_d0,ここでいい？,Is here alright?,,
lesson_ja_l5_d1,うーん、そこの方がいいかも。,Hmm — over there might be better.,,
lesson_ja_l5_d2,えーと、じゃあ後で決めよう。,"Uh, let's decide later then.",,
lesson_ja_l5_d3,だね。とりあえず何か食べたい。,Right. I just want to eat something.,,
lesson_ja_l6_0,これ、結構おいしいね。,"This is pretty good, actually.",,
lesson_ja_l6_1,五時までにできる？,Can you get it done by five?,,
lesson_ja_l6_2,あのやつ、名前なんだっけ。,That guy — what's his name again.,,
lesson_ja_l6_3,ほら、言ったでしょ。,See? I told you.,,
lesson_ja_l6_v0,できる,to be able to; to be finished,,
lesson_ja_l6_v1,俺,"I, me — men, casual",,
lesson_ja_l6_v2,け,was it? (checking a memory),,
lesson_ja_l6_v3,ず,without doing; not doing,,
lesson_ja_l6_v4,出る,"to leave, to go out, to come out",,
lesson_ja_l6_v5,多分,perhaps; probably; generous,,
lesson_ja_l6_v6,入る,"to enter, to go in",,
lesson_ja_l6_v7,もの,a thing (physical),,
lesson_ja_l6_v8,みんな,everyone,,
lesson_ja_l6_v9,やつ,a bloke; a thing — rough,,
lesson_ja_l6_v10,まで,"as far as, until",,
lesson_ja_l6_v11,前,in front; before,,
lesson_ja_l6_v12,んー,hmm; well… (thinking),,
lesson_ja_l6_v13,ほら,look; see; there you go,,
lesson_ja_l6_v14,や,and; or (listing),,
lesson_ja_l6_v15,結構,quite; no thanks,,
lesson_ja_l6_v16,年,a year,,
lesson_ja_l6_v17,おいしい,delicious; tasty; sweet,,
lesson_ja_l6_d0,もう出る？,Heading out already?,,
lesson_ja_l6_d1,んー、多分あと十分くらい。,Mm — maybe another ten minutes.,,
lesson_ja_l6_d2,みんな、もう前に入ってるよ。,Everyone's gone in ahead already.,,
lesson_ja_l6_d3,まじで。じゃあ急ぐわ。,"Seriously. I'll hurry, then.",,
lesson_ja_l7_0,それ、どこで買ったの？,Where did you get that?,,
lesson_ja_l7_1,友達にもらった。,A friend gave it to me.,,
lesson_ja_l7_2,全然大丈夫だよ。,It’s totally fine.,,
lesson_ja_l7_3,ちょっと持ってて。,Hold this a sec.,,
lesson_ja_l7_v0,どこ,"where; what place; how much (long, far)",,
lesson_ja_l7_v1,全然,not at all; totally,,
lesson_ja_l7_v2,もらう,to receive; to take; to accept,,
lesson_ja_l7_v3,家,house; residence; dwelling,,
lesson_ja_l7_v4,話,talk; speech; chat,,
lesson_ja_l7_v5,たり,doing things like; and so on,,
lesson_ja_l7_v6,取る,"to take, to pick up",,
lesson_ja_l7_v7,大丈夫,"all right, fine",,
lesson_ja_l7_v8,使う,"to use (a thing, method, etc.); to make use of; to put to use",,
lesson_ja_l7_v9,様,formal name suffix,,
lesson_ja_l7_v10,持つ,to hold (in one's hand); to take; to carry,,
lesson_ja_l7_v11,日,a day; the sun,,
lesson_ja_l7_v12,知る,to be aware of; to know; to be conscious of,,
lesson_ja_l7_v13,こちら,this way; this one; me,,
lesson_ja_l7_v14,入れる,to put in,,
lesson_ja_l7_v15,わけ,"conclusion from reasoning, judgement or calculation based on something read or heard; reason; cause",,
lesson_ja_l7_v16,書く,to write,,
lesson_ja_l7_v17,作る,to make; to produce; to manufacture,,
lesson_ja_l7_d0,あれ、どこ行った？,Where'd that go?,,
lesson_ja_l7_d1,え、机の上に置いたよ。,Huh — I put it on the desk.,,
lesson_ja_l7_d2,ないんだけど。,"It's not there, though.",,
lesson_ja_l7_d3,あー、こっち。カバンに入れた。大丈夫？,Ah — over here. I put it in the bag. All good?,,
lesson_ja_l8_0,これ、いくら？,How much is this?,,
lesson_ja_l8_1,五時間もかかった。,It took five whole hours.,,
lesson_ja_l8_2,ちょっと聞いてもいい？,Can I ask you something?,,
lesson_ja_l8_3,まだ買ってないよ。,I haven't bought it yet.,,
lesson_ja_l8_v0,自分,myself; yourself; oneself,,
lesson_ja_l8_v1,四,four,,
lesson_ja_l8_v2,五,five,,
lesson_ja_l8_v3,ダメ,no good; not serving its purpose; useless,,
lesson_ja_l8_v4,くれる,to give; to let (one) have; to give,,
lesson_ja_l8_v5,まだ,still; as yet; only,,
lesson_ja_l8_v6,はあ,yes; indeed; well,,
lesson_ja_l8_v7,買う,to buy,,
lesson_ja_l8_v8,飲む,to drink,,
lesson_ja_l8_v9,聞く,to hear; to listen (e.g. to music); to ask,,
lesson_ja_l8_v10,回,counter for occurrences; a time; an instance,,
lesson_ja_l8_v11,月,moon; month,,
lesson_ja_l8_v12,先生,teacher; doctor,,
lesson_ja_l8_v13,えー,uh; er; whaat?,,
lesson_ja_l8_v14,あまり,not much — with a negative,,
lesson_ja_l8_v15,また,again; once more; once again,,
lesson_ja_l8_v16,わ,you know (soft ending),,
lesson_ja_l8_v17,時間,time; hour; period,,
lesson_ja_l8_d0,何飲む？,What are you drinking?,,
lesson_ja_l8_d1,うーん、まだ決めてない。,"Mm, haven't decided yet.",,
lesson_ja_l8_d2,じゃあ先生に聞いてみたら？,"Ask the teacher, then?",,
lesson_ja_l8_d3,えー、いいよ。自分で買う。,"Nah, it's fine. I'll get it myself.",,
lesson_ja_l9_0,全部わかった？,Did you get all of it?,,
lesson_ja_l9_1,誰もいなかったよ。,There was nobody there.,,
lesson_ja_l9_2,ありがとう、助かった。,Thanks — that helped.,,
lesson_ja_l9_3,普通でいいよ。,The normal one's fine.,,
lesson_ja_l9_v0,二十,20 years old; twenty,,
lesson_ja_l9_v1,なるほど,"ah, I see",,
lesson_ja_l9_v2,円,yen (Japanese monetary unit); circle,,
lesson_ja_l9_v3,気,"spirit, mind — 気になる, 気をつける",,
lesson_ja_l9_v4,今日,today; this day; these days,,
lesson_ja_l9_v5,とく,do in advance (short for ておく),,
lesson_ja_l9_v6,おお,oh; whoa,,
lesson_ja_l9_v7,中,inside; interior; in,,
lesson_ja_l9_v8,全部,all of it,,
lesson_ja_l9_v9,別,"separate, another",,
lesson_ja_l9_v10,出す,to take out; to get out; to put out,,
lesson_ja_l9_v11,あそこ,over there,,
lesson_ja_l9_v12,普通,"normal, ordinary",,
lesson_ja_l9_v13,よく,nicely; properly; well,,
lesson_ja_l9_v14,誰,who,,
lesson_ja_l9_v15,しれる,to become known; to come to light; to be discovered,,
lesson_ja_l9_v16,てく,go on doing (short for ていく),,
lesson_ja_l9_v17,ありがとう,thanks,,
lesson_ja_l9_d0,これ全部食べるの？,You're eating all of this?,,
lesson_ja_l9_d1,いや、半分でいいや。,"Nah, half's fine.",,
lesson_ja_l9_d2,なるほど。じゃあ残りは？,"Ah, right. What about the rest?",,
lesson_ja_l9_d3,誰か食べるでしょ。出しとくね。,Someone'll have it. I'll leave it out.,,
lesson_ja_l10_0,もう帰る？,Heading off already?,,
lesson_ja_l10_1,これが一番好き。,This is my favourite.,,
lesson_ja_l10_2,ちょっと待って。,Hang on a sec.,,
lesson_ja_l10_3,いつでもいいよ。,Any time works.,,
lesson_ja_l10_v0,しか,only; nothing but (with a negative),,
lesson_ja_l10_v1,確か,if I remember rightly,,
lesson_ja_l10_v2,いつ,when,,
lesson_ja_l10_v3,帰る,to return; to come home; to go home,,
lesson_ja_l10_v4,こんな,this sort of; this kind of; like this,,
lesson_ja_l10_v5,子,a child; a kid,,
lesson_ja_l10_v6,好き,liked; well-liked; favourite,,
lesson_ja_l10_v7,いっぱい,full; loads of,,
lesson_ja_l10_v8,六,six,,
lesson_ja_l10_v9,一番,"the most, number one",,
lesson_ja_l10_v10,分,"a portion, a share",,
lesson_ja_l10_v11,られる,passive/potential/honorific ending,,
lesson_ja_l10_v12,一緒,together; the same,,
lesson_ja_l10_v13,くださる,to give — honorific くれる,,
lesson_ja_l10_v14,待つ,to wait; to await; to look forward to,,
lesson_ja_l10_v15,八,eight,,
lesson_ja_l10_v16,嫌,unpleasant; no thanks,,
lesson_ja_l10_v17,僕,"I, me — men, softer than 俺",,
lesson_ja_l10_d0,いつ帰る？,When are you heading home?,,
lesson_ja_l10_d1,んー、八時くらいかな。,"Mm, around eight, I reckon.",,
lesson_ja_l10_d2,じゃあ待ってるね。一緒に行こう。,"I'll wait, then. Let's go together.",,
lesson_ja_l10_d3,ほんと？助かる。,Really? You're a lifesaver.,,
lesson_ja_l11_0,ごめん、忘れてた。,Sorry — I forgot.,,
lesson_ja_l11_1,同じのください。,"I'll have the same, please.",,
lesson_ja_l11_2,それ面白いね。,That's interesting.,,
lesson_ja_l11_3,ちゃんと考えてる？,Have you actually thought this through?,,
lesson_ja_l11_v0,考える,"to think (about, of); to think over; to ponder",,
lesson_ja_l11_v1,同じ,same; identical; equal,,
lesson_ja_l11_v2,すむ,"to be settled, to get by",,
lesson_ja_l11_v3,上,above; up; over,,
lesson_ja_l11_v4,あげる,to give (outward); to raise,,
lesson_ja_l11_v5,おく,to put; to place; to leave (behind),,
lesson_ja_l11_v6,ちゃんと,"properly, as one should",,
lesson_ja_l11_v7,ずっと,all along; far more,,
lesson_ja_l11_v8,九,nine,,
lesson_ja_l11_v9,多い,"many, a lot of",,
lesson_ja_l11_v10,いただく,to receive (humble),,
lesson_ja_l11_v11,母,mother — my own,,
lesson_ja_l11_v12,止める,"to stop (something), to park",,
lesson_ja_l11_v13,ごめん,sorry — casual,,
lesson_ja_l11_v14,面白い,interesting; funny,,
lesson_ja_l11_v15,百,100; hundred,,
lesson_ja_l11_v16,ござる,to be,,
lesson_ja_l11_v17,七,seven; hepta-,,
lesson_ja_l11_d0,ごめん、ちょっと遅れる。,Sorry — I'm going to be a bit late.,,
lesson_ja_l11_d1,大丈夫、ずっと待ってるから。,"No worries, I'll be here.",,
lesson_ja_l11_d2,ほんとごめん。,Really sorry.,,
lesson_ja_l11_d3,いいって。気をつけて来て。,It's fine. Just get here safely.,,
lesson_ja_l12_0,絶対無理。,Absolutely not happening.,,
lesson_ja_l12_1,この辺、家賃高いよ。,Rent's expensive round here.,,
lesson_ja_l12_2,一応持ってきた。,"I brought it, just in case.",,
lesson_ja_l12_3,これ、めっちゃうまい。,This is seriously good.,,
lesson_ja_l12_v0,高い,tall; expensive,,
lesson_ja_l12_v1,絶対,"definitely, absolutely",,
lesson_ja_l12_v2,一人,one person; alone,,
lesson_ja_l12_v3,早い,fast; quick; hasty,,
lesson_ja_l12_v4,万,"10,000; ten thousand; myriad",,
lesson_ja_l12_v5,大変,"tough, a real handful",,
lesson_ja_l12_v6,いろいろ,various; all sorts,,
lesson_ja_l12_v7,風,wind,,
lesson_ja_l12_v8,辺,area; around here; vicinity,,
lesson_ja_l12_v9,変わる,to change (by itself),,
lesson_ja_l12_v10,より,than; from,,
lesson_ja_l12_v11,つく,to arrive; to stick; to switch on,,
lesson_ja_l12_v12,やばい,dodgy — or brilliant; context decides,,
lesson_ja_l12_v13,学校,a school,,
lesson_ja_l12_v14,一応,technically; more or less,,
lesson_ja_l12_v15,うまい,tasty; skilful,,
lesson_ja_l12_v16,乗る,"to get on, to ride",,
lesson_ja_l12_v17,最初,"the first, the beginning",,
lesson_ja_l12_d0,それ高くない？,Isn't that expensive?,,
lesson_ja_l12_d1,一応、一番安いやつ。,"It's the cheapest one, technically.",,
lesson_ja_l12_d2,えー、やばい。,Whoa. That's rough.,,
lesson_ja_l12_d3,でしょ。でもうまいらしいよ。,"Right? Meant to be good, though.",,
word_ja_終わる,終わる,to end; to come to an end; to close,,
word_ja_らしい,らしい,seeming ...; appearing ...; -ish,,
word_ja_なんか,なんか,like; sort of; something,,
word_ja_せる,せる,make someone do; let someone do,,
word_ja_悪い,悪い,bad; poor; undesirable,,
word_ja_大きい,大きい,big; large; great,,
word_ja_仕事,仕事,work; job; labor,,
word_ja_ただ,ただ,ordinary; common; usual,,
word_ja_めちゃ,めちゃ,super; really (casual),,
word_ja_かかる,かかる,"to take (a resource, e.g. time or money); to hang; to come into view",,
word_ja_もっと,もっと,(some) more; even more; longer,,
word_ja_意味,意味,meaning; significance; sense,,
word_ja_次,次,next; following; subsequent,,
word_ja_父,父,father (my own),,
word_ja_あー,あー,ah; uhh,,
word_ja_ながら,ながら,while doing,,
word_ja_覚える,覚える,to memorize; to memorise; to commit to memory,,
word_ja_見える,見える,to be seen; to be in sight; to look,,
word_ja_かける,かける,"to hang up (e.g. a coat, a picture on the wall); to let hang; to suspend (from)",,
word_ja_すぎる,すぎる,to pass through; to pass by; to go beyond,,
word_ja_なんて,なんて,things like; how (dismissive or surprised),,
word_ja_今度,今度,this time; now; next time,,
word_ja_無理,無理,unreasonable; unnatural; unjustifiable,,
word_ja_おっ,おっ,oh! (noticing something),,
word_ja_オーケー,オーケー,OK; all right,,
word_ja_まま,まま,as it is; as one likes; because,,
word_ja_ばあちゃん,ばあちゃん,grandma; old lady,,
word_ja_会う,会う,to meet; to encounter; to see,,
word_ja_最後,最後,end; conclusion; last,,
word_ja_あら,あら,"oh! (mild surprise, softer)",,
word_ja_もし,もし,if; in case; supposing,,
word_ja_手,手,hand; arm; forepaw,,
word_ja_歩く,歩く,to walk,,
word_ja_そちら,そちら,that way; over there; you (polite),,
word_ja_名前,名前,name; given name; first name,,
word_ja_しまう,しまう,to finish; to stop; to end,,
word_ja_目,目,eye; eyeball; eyesight,,
word_ja_きっと,きっと,surely; undoubtedly; almost certainly,,
word_ja_よいしょ,よいしょ,heave-ho (said when lifting or sitting),,
word_ja_長い,長い,"long (distance, length); long (time); protracted",,
word_ja_あなた,あなた,you; dear; honey,,
word_ja_顔,顔,face; visage; look,,
word_ja_間,間,space (between); gap; interval,,
word_ja_語,語,language; word (suffix: 日本語),,
word_ja_楽しい,楽しい,enjoyable; fun; pleasant,,
word_ja_忘れる,忘れる,to forget; to leave carelessly; to be forgetful of,,
word_ja_茶,茶,tea,,
word_ja_ほう,ほう,oh? huh (impressed),,
word_ja_うわ,うわ,whoa; ugh,,
word_ja_ため,ため,good; advantage; benefit,,
word_ja_話す,話す,to talk; to speak; to converse,,
word_ja_問題,問題,"question (e.g. on a test); problem; problem (e.g. societal, political)",,
word_ja_教える,教える,to teach; to instruct; to tell,,
word_ja_因る,因る,to depend on; to be due to,,
word_ja_強い,強い,strong; potent; competent,,
word_ja_必要,必要,necessary; needed; essential,,
word_ja_バス,バス,bus,,
word_ja_頭,頭,head; hair (on one's head); mind,,
word_ja_死ぬ,死ぬ,to die; to pass away; to lose spirit,,
word_ja_あちら,あちら,that way over there; he/she (polite),,
word_ja_もちろん,もちろん,of course; certainly; naturally,,
word_ja_六十,六十,sixty,,
word_ja_うんと,うんと,a lot; way more,,
word_ja_さも,さも,as if; just as though,,
word_ja_受ける,受ける,to receive; to get; to catch (e.g. a ball),,
word_ja_仕様,仕様,way of doing; spec,,
word_ja_やん,やん,isn't it? right? (Kansai),,
word_ja_少し,少し,small quantity; little; few,,
word_ja_彼,彼,he; him; boyfriend,,
word_ja_ばかり,ばかり,only; merely; nothing but,,
word_ja_言葉,言葉,language; dialect; word,,
word_ja_あんな,あんな,that kind of; like that,,
word_ja_へ,へ,a fart,,
word_ja_夜,夜,evening; night; dinner,,
word_ja_ビール,ビール,beer,,
word_ja_動く,動く,to move; to stir; to shift,,
word_ja_気持ち,気持ち,feeling; sensation; mood,,
word_ja_呼ぶ,呼ぶ,to call out (to); to call; to invoke,,
word_ja_初めて,初めて,for the first time; only after ... is it ...; only when ... do you ...,,
word_ja_場所,場所,place; location; spot,,
word_ja_部屋,部屋,room; chamber; apartment,,
word_ja_見せる,見せる,to show; to display,,
word_ja_体,体,body; torso; trunk,,
word_ja_始める,始める,to start; to begin; to commence,,
word_ja_爺,爺,old man; grandpa,,
word_ja_要する,要する,to require; to need,,
word_ja_以上,以上,not less than; ... and over; ... and above,,
word_ja_残る,残る,to remain; to be left,,
word_ja_いえ,いえ,no; not at all,,
word_ja_こそ,こそ,precisely; it is … that,,
word_ja_声,声,voice; singing (of a bird); chirping (of an insect),,
word_ja_外,外,outside; exterior; the open (air),,
word_ja_戻る,戻る,to turn back (e.g. half-way); to return; to go back,,
word_ja_階,階,floor; storey (counter),,
word_ja_人間,人間,human being; human; person,,
word_ja_二千,二千,two thousand,,
word_ja_どんな,どんな,what kind of; what sort of; what,,
word_ja_わりと,わりと,fairly; relatively,,
word_ja_へん,へん,not (Kansai negative: 行かへん),,
word_ja_走る,走る,to run; to run (of a vehicle); to drive,,
word_ja_音,音,sound; noise; report,,
word_ja_八十,八十,eighty,,
word_ja_でかい,でかい,huge; massive (casual),,
word_ja_困る,困る,to be troubled; to have difficulty; to be in a fix,,
word_ja_五百,五百,five hundred,,
word_ja_伯父,伯父,uncle,,
word_ja_男,男,man; male; fellow,,
word_ja_たって,たって,even if; even though,,
word_ja_七十,七十,seventy,,
word_ja_生きる,生きる,to live; to exist; to make a living,,
word_ja_かしら,かしら,"I wonder (soft, often feminine)",,
word_ja_たら,たら,if; once; how about,,
word_ja_ヶ月,ヶ月,months (counter),,
word_ja_世界,世界,the world; society; the universe,,
word_ja_立つ,立つ,to stand; to rise; to stand up,,
word_ja_ぞ,ぞ,"I'm telling you (blunt, male ending)",,
word_ja_九十,九十,ninety,,
word_ja_二百,二百,two hundred,,
word_ja_週間,週間,weeks (counter),,
word_ja_うう,うう,uhh; mmm (hesitating),,
word_ja_委員会,委員会,committee,,
word_ja_ライン,ライン,line; LINE (the messaging app),,
word_ja_うー,うー,uhh (thinking out loud),,
word_ja_開く,開く,to open; to undo; to unseal,,
word_ja_中学,中学,middle school,,
word_ja_感じる,感じる,to feel; to sense; to experience,,
word_ja_週,週,week,,
word_ja_口,口,mouth; opening; hole,,
word_ja_ワイン,ワイン,wine,,
word_ja_はず,はず,should (be); bound (to be); expected (to be),,
word_ja_ねん,ねん,…you know (Kansai sentence ending),,
word_ja_伯母,伯母,aunt,,
word_ja_区,区,ward; city district,,
word_ja_塩,塩,salt,,
word_ja_菓子,菓子,sweets; snacks (usually お菓子),,
word_ja_ほど,ほど,extent; degree; measure,,
word_ja_うち,うち,inside; within; while (e.g. one is young),,
word_ja_あり,あり,existing (at the present moment); alright; acceptable,,
word_ja_野球,野球,baseball,,
word_ja_パソコン,パソコン,computer; PC,,
word_ja_県,県,prefecture,,
word_ja_値段,値段,price,,
word_ja_国語,国語,Japanese class; national language,,
word_ja_チーズ,チーズ,cheese,,
word_ja_五千,五千,five thousand,,
word_ja_カレー,カレー,curry,,
word_ja_ボール,ボール,ball,,
word_ja_アイス,アイス,ice cream; iced (drink),,
word_ja_味噌,味噌,miso,,
word_ja_泊,泊,nights (counter for a stay),,
word_ja_混む,混む,to get crowded,,
word_ja_そして,そして,and then; and so,,
word_ja_コース,コース,course; route; set menu,,
word_ja_杯,杯,cups; glasses (counter),,
word_ja_させる,させる,to make someone do; to let someone do,,
word_ja_サラダ,サラダ,salad,,
word_ja_弁当,弁当,bento; packed lunch,,
word_ja_班,班,group; team (at school or work),,
word_ja_センチ,センチ,centimetre,,
word_ja_力,力,force; strength; might,,
word_ja_自転車,自転車,bicycle,,
word_ja_三百,三百,three hundred,,
word_ja_相手,相手,companion; partner; company,,
word_ja_ちび,ちび,little one; shorty,,
word_ja_温泉,温泉,hot spring; onsen,,
word_ja_日曜,日曜,Sunday,,
word_ja_粉,粉,powder; flour,,
word_ja_事務,事務,office work; admin,,
word_ja_パス,パス,a pass; to pass on something,,
word_ja_豆腐,豆腐,tofu,,
word_ja_ラーメン,ラーメン,ramen,,
word_ja_企画,企画,a plan; a project,,
word_ja_心配,心配,worry; concern; anxiety,,
word_ja_ぜ,ぜ,"you know (blunt, male ending)",,
word_ja_続ける,続ける,to continue; to keep up; to keep on,,
word_ja_飛行機,飛行機,aeroplane,,
word_ja_など,など,et cetera; etc.; and the like,,
word_ja_つもり,つもり,intention; plan; conviction,,
word_ja_大きな,大きな,big; large; great,,
word_ja_理由,理由,reason; pretext; motive,,
word_ja_離れる,離れる,to be separated; to be apart; to be distant,,
word_ja_とても,とても,very; awfully; exceedingly,,
word_ja_心,心,mind; heart; spirit,,
word_ja_ご,ご,honorific/polite/humble prefix; honorific suffix,,
word_ja_逃げる,逃げる,to escape; to run away,,
word_ja_消える,消える,to go out; to vanish; to disappear,,
word_ja_向かう,向かう,to face; to go towards; to head towards,,
word_ja_守る,守る,to protect; to guard; to defend,,
word_ja_助ける,助ける,to save; to rescue; to help,,
word_ja_答える,答える,to answer; to reply,,
word_ja_許す,許す,to permit; to allow; to approve,,
word_ja_存在,存在,existence; being,,
word_ja_様子,様子,state; state of affairs; situation,,
word_ja_姿,姿,figure; form; shape,,
word_ja_驚く,驚く,to be surprised; to be astonished,,
word_ja_おる,おる,to be (animate); to be; to exist,,
word_ja_でも,でも,but; however; though,,
word_ja_あと,あと,behind; rear; after,,
word_ja_いつも,いつも,always; all the time; at all times,,
word_ja_お,お,honorific/polite/humble prefix,,
word_ja_ことになる,ことになる,to have been decided (so) that; to have been arranged (so) that; to be the result (of),,
word_ja_これから,これから,from now on; after this; in the future,,
word_ja_すぐに,すぐに,immediately; right away; at once,,
word_ja_そういう,そういう,such; like that; that sort of,,
word_ja_そのまま,そのまま,without change; as is; just like,,
word_ja_たち,たち,pluralizing suffix (esp. for people and animals; formerly honorific),,
word_ja_どういう,どういう,somehow; how; in what way,,
word_ja_どうして,どうして,how; in what way; by what means,,
word_ja_どこか,どこか,somewhere; anywhere; in some respects,,
word_ja_となる,となる,to become; to amount to,,
word_ja_による,による,by means of; due to; because of,,
word_ja_やめる,やめる,to stop (an activity); to cease; to discontinue,,
word_ja_よう,よう,appearing ...; looking ...; way to ...,,
word_ja_一緒に,一緒に,together (with); at the same time; in a lump,,
word_ja_何か,何か,something; some; any,,
word_ja_信じる,信じる,to believe; to believe in; to place trust in,,
word_ja_別に,別に,(not) particularly; (not) especially; (not) specially,,
word_ja_誰か,誰か,someone; somebody,,
