rank,word,jyutping,count,pos
1,係,hai6,5019,v
2,啊,aa3,4110,y
3,我,ngo5,2755,r
4,噉,gam2,2741,c
5,呢,ne1,2734,y1
6,你,nei5,2570,r
7,佢,keoi5,2259,r
8,都,dou1,2228,d
9,唔,m4,2007,d
10,好,hou2,1856,d
11,就,zau6,1822,d
12,即係,zik1hai6,1820,c
13,嘅,ge3,1765,u
14,喇,laa1,1660,y
15,個,go3,1478,q
16,囖,lo1,1470,y
17,啲,di1,1344,q
18,有,jau5,1335,v1
19,一,jat1,1115,m
20,唔係,m4hai6,1081,v
21,喎,wo3,931,y
22,又,jau6,916,d
23,話,waa6,910,v
24,到,dou2,857,u
25,咗,zo2,835,u
26,會,wui5,810,vu
27,嗰啲,go2di1,806,r
28,去,heoi3,790,v
29,但係,daan6hai6,783,c
30,冇,mou5,781,v1
31,人,jan4,739,n
32,噉樣,gam2joeng2,705,c
33,喀,haak6,696,e
34,嚹,laa3,663,y
35,幾,gei2,656,d
36,嗎,maa3,650,y
37,覺得,gok3dak1,637,v
38,乜嘢,mat1je5,636,r
39,吖,aa1,634,y
40,要,jiu3,627,vu
41,講,gong2,627,v
42,做,zou6,615,v
43,真係,zan1hai6,596,d
44,嘢,je5,587,n
45,知,zi1,584,v
46,睇,tai2,553,v
47,得,dak1,526,u
48,來,lai4,487,v
49,俾,bei2,475,p
50,喺,hai2,468,p
51,咁,gam3,460,d
52,其實,kei4sat6,459,d
53,嘞,laak3,426,y
54,嗰,go2,425,r
55,我哋,ngo5dei6,416,r
56,呀,aa4,407,y
57,咪,mai6,402,d
58,下,haa5,393,u
59,而家,ji4gaa1,390,t
60,過,gwo3,389,u
61,嗰個,go2go3,380,r
62,哩個,ni1go3,375,r
63,因為,jan1wai6,353,c
64,返,faan1,347,u
65,諗,nam2,344,v
66,跟住,gan1zyu6,338,c
67,可以,ho2ji5,333,vu
68,如果,jyu4gwo2,330,c
69,多,do1,328,a
70,點,dim2,326,r
71,好似,hou2ci5,322,v
72,買,maai5,315,v
73,自己,zi6gei2,308,r
74,同,tung4,281,p
75,同埋,tung4maai4,281,c
76,佢哋,keoi5dei6,279,r
77,咩,me1,275,y
78,哩,ni1,275,r
79,先,sin1,260,d
80,住,zyu6,253,u
81,啫,ze1,251,y
82,好多,hou2do1,245,m
83,可能,ho2nang4,245,vu
84,晒,saai3,239,u
85,想,soeng2,231,vu
86,所以,so2ji5,230,c
87,揾,wan2,227,v
88,譬如,pei3jyu4,226,v
89,重,zung6,225,d
90,兩,loeng5,220,m
91,隻,zek3,215,q
92,不過,bat1gwo3,205,c
93,蚊,man1,204,q
94,嗰陣時,go2zan6si4,195,r
95,已經,ji5ging1,193,d
96,未,mei6,192,d
97,最,zeoi3,191,d
98,食,sik6,190,v
99,點解,dim2gaai2,186,r
100,或者,waak6ze2,186,c
101,錢,cin2,183,n
102,乜,mat1,180,r
103,讀,duk6,180,v
104,年,nin4,179,q
105,見,gin3,177,v
106,應該,jing1goi1,177,vu
107,聽,teng1,176,v
108,大,daai6,174,a
109,識,sik1,171,v
110,哩啲,ni1di1,170,r
111,埋,maai4,166,u
112,成日,seng4jat6,163,d
113,喂,wai3,161,e
114,度,dou6,161,f
115,有冇,jau5mou5,160,v1
116,成,seng4,158,m
117,問,man6,153,v
118,阿,aa3,151,h
119,香港,hoeng1gong2,149,ns
120,鍾意,zung1ji3,147,v
121,咋,zaa3,145,y
122,間,gaan1,145,q
123,日,jat6,140,q
124,出來,ceot1lai4,137,v
125,嗰度,go2dou6,134,r
126,次,ci3,134,q
127,死,sei2,130,v
128,玩,waan2,129,v
129,喺度,hai2dou6,128,d
130,邊個,bin1go3,126,r
131,攞,lo2,121,v
132,唔使,m4sai2,119,vu
133,完,jyun4,119,u
134,養,joeng5,118,v
135,開,hoi1,118,v
136,叫,giu3,117,v
137,即,zik1,116,c
138,用,jung6,114,v
139,出,ceot1,112,v
140,時候,si4hau6,111,n
141,邊,bin1,111,r
142,驚,geng1,107,v
143,梗係,gang2hai6,106,d
144,點樣,dim2joeng2,106,r
145,張,zoeng1,106,q
146,對,deoi3,104,p
147,你哋,nei5dei6,104,r
148,搞,gaau2,103,v
149,樣,joeng2,102,n
150,考,haau2,102,v
151,之後,zi1hau6,101,f
152,三,saam1,99,m
153,飲,jam2,99,v
154,唉,aai5,97,e
155,再,zoi3,97,d
156,貴,gwai3,96,a
157,有啲,jau5di1,94,r
158,公司,gung1si1,93,n
159,嗱,laa4,92,e
160,同學,tung4hok6,92,n
161,靚,leng3,91,a
162,份,fan6,91,q
163,幫,bong1,90,v
164,幾多,gei2do1,89,r
165,十,sap6,89,m
166,啱,aam1,87,a
167,一定,jat1ding6,87,d
168,賣,maai6,86,v
169,一啲,jat1di1,86,m
170,定,ding6,85,c
171,人哋,jan4dei6,85,r
172,唧,zek1,83,y
173,快,faai3,83,a
174,條,tiu4,83,q
175,行,haang4,81,v
176,算,syun3,81,v
177,返來,faan1lei4,80,v
178,屋企,uk1kei2,79,n
179,變,bin3,79,v
180,月,jyut6,79,n
181,本,bun2,79,q
182,上,soeng5,79,v
183,唔好,m4hou2,79,vu
184,打,daa2,77,v
185,電話,din6waa2,77,n
186,夠,gau3,76,v
187,時間,si4gaan3,75,n
188,問題,man6tai4,75,n
189,比較,bei2gaau3,73,d
190,鬼,gwai2,72,d1
191,開心,hoi1sam1,72,a
192,哎吔,ai1jaa3,72,e
193,原來,jyun4loi4,71,d
194,另外,ling6ngoi6,71,c
195,種,zung2,71,q
196,請,ceng2,71,v
197,走,zau2,70,v
198,工,gung1,70,n
199,太,taai3,68,d
200,魚,jyu2,67,n
201,機,gei1,65,n
202,難,naan4,65,a
203,事,si6,64,n
204,少少,siu2siu2,64,m
205,部,bou6,64,q
206,平,peng4,63,a
207,裏邊,leoi5bin6,63,f
208,淨係,zing6hai6,63,d
209,試,si3,63,v
210,以前,ji5cin4,63,t
211,高,gou1,63,a
212,少,siu2,62,a
213,大家,daai6gaa1,62,r
214,哩樣,ni1joeng6,62,r
215,班,baan1,62,q
216,計,gai3,61,v
217,寫,se2,61,v
218,帶,daai3,60,v
219,仔,zai2,60,n
220,收,sau1,60,v
221,信,seon3,60,v
222,整,zing2,59,v
223,亦都,jik6dou1,59,d
224,剪,zin2,58,v
225,其他,kei4taa1,57,r
226,唔同,m4tung4,56,a
227,開始,hoi1ci2,56,v
228,㗎,gaa4,56,y
229,耐,noi6,55,a
230,落去,lok6heoi3,55,v
231,知道,zi1dou3,55,v
232,辛苦,san1fu2,55,a
233,冇得,mou5dak1,53,vu
234,通常,tung1soeng4,53,d
235,有時,jau5si4,53,d
236,着,zoek3,53,v
237,新,san1,53,a
238,起,hei2,53,v
239,第一,dai6jat1,53,m
240,書,syu1,53,n
241,車,ce1,53,n
242,唔記得,m4gei3dak1,52,v
243,套,tou3,52,q
244,落,lok6,52,v
245,正,zeng3,52,a
246,科,fo1,52,q
247,四,sei3,51,m
248,差唔多,caa1m4do1,51,d
249,一齊,jat1cai4,51,d
250,邊度,bin1dou6,51,r
251,學,hok6,51,v
252,影,jing2,51,v
253,叫做,giu3zou6,49,v
254,細,sai3,49,a
255,之前,zi1cin4,49,t
256,教,gaau3,49,v
257,第二,dai6ji6,49,m
258,幾時,gei2si4,48,r
259,地方,dei6fong1,48,n
260,犀利,sai1lei6,48,a
261,入,jap6,48,v
262,學校,hok6haau6,48,n
263,放,fong3,47,v
264,慘,caam2,47,a
265,旅行,leoi5hang4,46,v
266,等,dang2,46,v
267,掂,dim6,46,a
268,一係,jat1hai6,46,d
269,分,fan1,46,q
270,揀,gaan2,45,v
271,即刻,zik1haak1,45,d
272,而,ji4,45,c
273,使,sai2,44,v
274,根本,gan1bun2,44,d
275,英文,jing1man2,44,nz
276,特別,dak6bit6,43,d
277,歲,seoi3,43,q
278,錯,co3,43,a
279,件,gin6,43,q
280,明,ming4,43,v
281,翻版,faan1baan2,43,n
282,日本,jat6bun2,42,ns
283,頭先,tau4sin1,42,t
284,字,zi6,42,n
285,大陸,daai6luk6,42,ns
286,信心,seon3sam1,42,n
287,以為,ji5wai4,41,v
288,不如,bat1jyu4,41,v
289,然之後,jin4zi1hau6,41,c
290,每,mui5,41,r
291,禮拜,lai5baai3,41,n
292,五,ng5,40,m
293,衰,seoi1,40,a
294,啱啱,ngaam1ngaam1,40,d
295,嘅話,ge3waa2,40,c
296,半,bun3,40,m
297,直程,zik6cing4,39,d
298,嗰邊,go2bin1,39,r
299,坐,co5,39,v
300,生,saang1,39,v
301,賺,zaan6,39,v
302,鐘,zung1,39,n
303,繼續,gai3zuk6,39,v
304,有得,jau5dak1,38,vu
305,一樣,jat1joeng6,38,a
306,碟,dip2,38,n
307,當,dong1,37,d
308,好睇,hou2tai2,37,a
309,六,luk6,37,m
310,全部,cyun4bou6,37,d
311,儲,cou5,37,v
312,戲,hei3,37,n
313,返工,faan1gung1,37,v
314,緊要,gan2jiu3,36,a
315,頭,tau4,36,n
316,讀書,duk6syu1,36,v
317,先至,sin1zi3,35,d
318,出去,ceot1heoi3,35,v
319,轉,zyun3,35,v
320,傾,king1,35,v
321,今日,gam1jat6,35,t
322,字典,zi6din2,35,n
323,遠,jyun5,34,a
324,感覺,gam2gok3,34,n
325,八,baat3,34,m
326,早,zou2,34,a
327,哩度,ni1dou6,34,r
328,實,sat6,34,d
329,需要,seoi1jiu3,34,vu
330,跟,gan1,33,v
331,凍,dung3,33,a
332,由,jau4,33,p
333,個個,go3go3,33,q
334,換,wun6,33,v
335,位,wai2,33,q
336,理由,lei5jau4,33,n
337,爭,zaang1,33,v
338,朋友,pang4jau5,32,n
339,七,cat1,32,m
340,悶,mun6,32,a
341,但,daan6,32,c
342,版,baan2,32,q
343,嘍,lo3,32,y
344,零,leng4,32,m
345,細個,sai3go3,32,a
346,肥,fei4,32,a
347,更加,gang3gaa1,32,d
348,學生,hok6saang1,32,n
349,女仔,neoi5zai2,32,n
350,情況,cing4fong3,31,n
351,人工,jan4gung1,31,n
352,所謂,so2wai6,31,d
353,嘿,hei3,31,e
354,望,mong6,31,v
355,方面,fong1min6,31,n
356,考試,haau2si5,31,v
357,食飯,sik6faan6,31,v
358,李,lei5,30,nr
359,記得,gei3dak1,30,v
360,今年,gam1nin2,30,t
361,分鐘,fan1zung1,30,q
362,差,caa1,30,a
363,狗,gau2,30,n
364,架,gaa3,30,q
365,名,meng2,30,n
366,電腦,din6nou5,30,n
367,搭,daap3,29,v
368,手,sau2,29,n
369,介紹,gaai3siu6,29,v
370,一路,jat1lou6,29,d
371,後尾,hau6mei1,29,f
372,呵,ho2,29,y
373,基本上,gei1bun2soeng6,29,d
374,陳,can4,29,nr
375,中,zung1,28,jn
376,大佬,daai6lou2,28,n
377,郵票,jau4piu3,28,n
378,炒,caau2,28,v
379,希望,hei1mong6,28,v
380,完全,jyun4cyun4,28,d
381,跑,paau2,28,v
382,搞笑,gaau2siu3,28,a
383,勁,ging6,28,a
384,袋,doi2,28,n
385,抵,dai2,27,a
386,長,coeng4,27,a
387,未必,mei6bit1,27,d
388,意思,ji3si1,27,n
389,嗰時,go2si4,27,r
390,總之,zung2zi1,27,d
391,加,gaa1,27,v
392,短,dyun2,27,a
393,小學,siu2hok6,27,n
394,上邊,soeng6bin6,27,f
395,估,gu2,27,v
396,起碼,hei2maa5,26,d
397,理,lei5,26,v
398,廿,jaa6,26,m
399,好玩,hou2waan2,26,a
400,老,lou5,26,a
401,洗,sai2,26,v
402,奶茶,naai5caa4,26,n
403,借,ze3,25,v
404,上次,soeng6ci3,25,t
405,覺,gok3,25,v
406,最近,zeoi3gan6,25,t
407,連,lin4,25,d
408,最後,zeoi3hau6,25,t
409,前,cin4,25,f
410,無聊,mou4liu4,25,a
411,同事,tung4si6,25,n
412,飛,fei1,25,v
413,水,seoi2,25,n
414,跳,tiu3,25,v
415,工作,gung1zok3,25,n
416,老細,lou5sai3,25,n
417,講真,gong2zan1,25,v
418,改,goi2,25,v
419,譯,jik6,24,v
420,女,neoi5,24,b
421,揸,zaa1,24,v
422,寄,gei3,24,v
423,啩,gwaa3,24,y
424,升,sing1,24,v
425,去到,heoi3dou3,24,v
426,辦法,baan6faat3,24,n
427,做嘢,zou6je5,24,v
428,英國,jing1gwok3,24,ns
429,起身,hei2san1,24,v
430,頭髮,tau4faat3,24,n
431,今,gam1,24,t
432,平時,ping4si4,24,t
433,艾爾頓,aai6ji5deon6,24,nr
434,本身,bun2san1,24,d
435,肯定,hang2ding6,24,a
436,咯,lok3,23,y
437,走去,zau2heoi3,23,v
438,係噉,hai6gam2,23,d
439,將,zoeng1,23,d
440,訂,deng6,23,v
441,號,hou6,23,q
442,擺,baai2,23,v
443,入邊,jap6bin6,23,f
444,交,gaau1,23,v
445,電視,din6si6,23,n
446,得意,dak1ji3,23,a
447,入去,jap6heoi3,23,v
448,反而,faan2ji4,23,d
449,教書,gaau3syu1,23,v
450,考慮,haau2leoi6,23,v
451,神,san4,23,n
452,究竟,gau3ging2,22,d
453,至,zi3,22,p
454,對於,deoi3jyu1,22,p
455,嗰日,go2jat6,22,r
456,阿媽,aa3maa1,22,n
457,雀,zoek2,22,n
458,笑,siu3,22,v
459,要求,jiu1kau4,22,v
460,聲,seng1,22,n
461,方法,fong1faat3,22,n
462,先生,sin1saang1,22,n
463,返學,faan1hok6,22,v
464,社會,se5wui2,22,n
465,遲,ci4,21,a
466,舊,gau6,21,a
467,好彩,hou2coi2,21,a
468,周圍,zau1wai4,21,f
469,發覺,faat3gok3,21,v
470,返去,faan1heoi3,21,v
471,得閒,dak1haan4,21,v
472,叻,lek1,21,a
473,分別,fan1bit6,21,n
474,查,caa4,21,v
475,真,zan1,21,a
476,粒,lap1,21,q
477,拍,paak3,21,v
478,覆,fuk1,21,v
479,功課,gung1fo3,21,n
480,傻,so4,21,a
481,生日,saang1jat6,21,n
482,郭,gwok3,21,nr
483,清楚,cing1co2,20,a
484,段,dyun6,20,q
485,聽講,teng1gong2,20,v
486,雖然,seoi1jin4,20,c
487,跌,dit3,20,v
488,興,hing1,20,v
489,底,dai2,20,f
490,腳,goek3,20,n
491,然後,jin4hau6,20,c
492,機會,gei1wui6,20,n
493,越,jyut6,20,d
494,麻煩,maa4faan4,20,a
495,街,gaai1,20,n
496,當然,dong1jin4,20,d
497,電子,din6zi2,20,n
498,杯,bui1,20,q
499,外國,ngoi6gwok3,20,n
500,報,bou3,20,v
501,近,gan6,20,a
502,老闆,lou5baan2,20,n
503,聖經,sing3ging1,20,nz
504,生意,saang1ji3,20,n
505,黐線,ci1sin3,19,a
506,排,paai4,19,v
507,只係,zi2hai6,19,d
508,所有,so2jau5,19,b
509,開頭,hoi1tau4,19,t
510,可,ho2,19,g1
511,衫,saam1,19,n
512,晚,maan5,19,q
513,中國,zung1gwok3,19,ns
514,辭典,ci4din2,19,n
515,咖啡,gaa3fe1,19,n
516,原本,jyun4bun2,19,d
517,歌,go1,19,n
518,富城,fu3sing4,19,nr
519,關,gwaan1,19,v
520,租,zou1,18,v
521,親,can1,18,u
522,興趣,hing3ceoi3,18,n
523,熱,jit6,18,a
524,而且,ji4ce2,18,c
525,留,lau4,18,v
526,今次,gam1ci3,18,t
527,有陣時,jau5zan6si4,18,d
528,除咗,ceoi4zo2,18,p
529,係唔係,hai6m4hai6,18,v
530,停,ting4,18,v
531,就算,zau6syun3,18,c
532,敢,gam2,18,v
533,削,soek3,18,v
534,上去,soeng5heoi3,18,v
535,能力,nang4lik6,18,n
536,送,sung3,18,v
537,廠,cong2,18,n
538,錄,luk6,18,v
539,似,ci5,18,v
540,國家,gwok3gaa1,18,n
541,搬,bun1,18,v
542,嗰樣,go2joeng6,18,r
543,放假,fong3gaa3,17,v
544,暑假,syu2gaa3,17,n
545,包,baau1,17,v
546,九,gau2,17,m
547,百,baak3,17,m
548,齊,cai4,17,a
549,飯,faan6,17,n
550,數,sou3,17,n
551,假,gaa3,17,n
552,撳,gam6,17,v
553,政府,zing3fu2,17,n
554,奇怪,kei4gwaai3,17,a
555,低,dai1,17,a
556,塊,faai3,17,q
557,黃,wong4,17,nr
558,其中,kei4zung1,17,r
559,始終,ci2zung1,17,d
560,靚女,leng3neoi2,17,n
561,線,sin3,17,n
562,舒服,syu1fuk6,17,a
563,地,dei6,17,k
564,正版,zing3baan2,17,n
565,溫,wan1,17,v
566,老公,lou5gung1,16,n
567,澳洲,ou3zau1,16,ns
568,咬,ngaau5,16,v
569,肯,hang2,16,vu
570,多數,do1sou3,16,m
571,容易,jung4ji6,16,a
572,價,gaa3,16,n
573,普通,pou2tung1,16,a
574,英,jing1,16,jnz
575,鐘頭,zung1tau4,16,n
576,企,kei5,16,v
577,發現,faat3jin6,16,v
578,嗌,aai3,16,v
579,服務,fuk6mou6,16,vn
580,出邊,ceot1bin6,16,f
581,後,hau6,16,f
582,過去,gwo3heoi3,16,v
583,瞓,fan3,16,v
584,方便,fong1bin6,16,a
585,一般,jat1bun1,16,a
586,大學,daai6hok6,16,n
587,出現,ceot1jin6,16,v
588,解釋,gaai2sik1,16,v
589,句,geoi3,16,q
590,隔離,gaak3lei4,16,v
591,有錢,jau5cin2,16,a
592,打電話,daa2din6waa2,16,v
593,隊,deoi2,16,n
594,靚仔,leng3zai2,16,n
595,環境,waan4ging2,16,n
596,多謝,do1ze6,16,v
597,迫,bik1,15,v
598,定係,ding6hai6,15,c
599,拎,ling1,15,v
600,以,ji5,15,p
601,封,fung1,15,v
602,搞錯,gaau2co3,15,v
603,上來,soeng5lai4,15,v
604,男仔,naam4zai2,15,n
605,中文,zung1man2,15,nz
606,醫生,ji1sang1,15,n
607,例如,lai6jyu4,15,v
608,法國,faat3gwok3,15,ns
609,點知,dim2zi1,15,r
610,將來,zoeng1loi4,15,t
611,只,zi2,15,d
612,話時話,waa6si4waa6,15,l
613,主要,zyu2jiu3,15,a
614,得罪,dak1zeoi6,15,v
615,聽日,ting1jat6,15,t
616,夜,je6,15,a
617,生活,sang1wut6,15,v
618,結婚,git3fan1,15,v
619,亞視,aa3si6,15,nt
620,飛機,fei1gei1,14,n
621,裏面,leoi5min6,14,f
622,照,ziu3,14,v
623,團,tyun4,14,n
624,撞,zong6,14,v
625,美國,mei5gwok3,14,ns
626,後來,hau6loi4,14,t
627,成績,sing4zik1,14,n
628,二,ji6,14,m
629,亂,lyun6,14,a
630,越來越,jyut6lai4jyut6,14,d
631,寧願,ning4jyun2,14,vu
632,永遠,wing5jyun5,14,d
633,不嬲,bat1nau1,14,d
634,得到,dak1dou2,14,v
635,路,lou6,14,n
636,為咗,wai6zo2,14,p
637,煩,faan4,14,a
638,嘥,saai1,14,v
639,家姐,gaa1ze1,14,n
640,遲啲,ci4di1,14,t
641,減,gaam2,14,v
642,報紙,bou3zi2,14,n
643,新聞,san1man2,14,n
644,揾工,wan2gung1,14,v
645,阿哥,aa3go1,14,n
646,唔通,m4tung1,14,d
647,答,daap3,14,v
648,冇錯,mou5co3,14,v
649,牌子,paai4zi2,14,n
650,熟,suk6,14,a
651,屯門,tyun4mun4,14,ns
652,千,cin1,14,m
653,醒,sing2,14,a
654,認,jing6,14,v
655,集,zaap6,14,n
656,舖,pou2,14,n
657,阿婆,aa3po4,14,n
658,黎,lai4,14,nr
659,聖誕,sing3daan3,14,t
660,酒店,zau2dim3,13,n
661,尾,mei5,13,f
662,價錢,gaa3cin4,13,n
663,城市,sing4si5,13,n
664,爛,laan6,13,a
665,廢,fai3,13,a
666,突然間,dat6jin4gaan1,13,d
667,個八,go3baat3,13,m
668,毫子,hou4zi2,13,q
669,易,ji6,13,a
670,之外,zi1ngoi6,13,f
671,男人,naam4jan2,13,n
672,紙,zi2,13,n
673,影響,jing2hoeng2,13,v
674,毛,mou4,13,n
675,牙,ngaa4,13,n
676,正常,zing3soeng4,13,a
677,點算,dim2syun3,13,r
678,倍,pui5,13,q
679,歐洲,au1zau1,13,ns
680,房,fong2,13,n
681,琴日,kam4jat6,13,t
682,暫時,zaam6si4,13,d
683,作為,zok3wai4,13,v
684,深,sam1,13,a
685,一半,jat1bun3,13,m
686,傾偈,king1gai2,13,v
687,阿木,aa3muk6,13,nr
688,壞,waai6,13,a
689,牌,paai4,13,n
690,原因,jyun4jan1,13,n
691,缸,gong1,13,q
692,水草,seoi2cou2,13,n
693,相信,soeng1seon3,13,v
694,相,soeng2,13,n
695,骨折,gwat1zit3,13,v
696,小豬,siu2zyu1,13,nr
697,場,coeng4,12,q
698,直頭,zik6tau4,12,d
699,噉樣樣,gam2joeng2joeng2,12,r
700,身,san1,12,n
701,為,wai6,12,p
702,貨,fo3,12,n
703,唱,coeng3,12,v
704,舊年,gau6nin2,12,t
705,朝頭早,ziu1tau4zou2,12,t
706,嘔,au2,12,v
707,上年,soeng6nin2,12,t
708,本來,bun2loi4,12,d
709,還,waan4,12,v
710,味,mei6,12,n
711,憎,zang1,12,v
712,各,gok3,12,r
713,播,bo3,12,v
714,法,faat3,12,n
715,老豆,lou5dau6,12,n
716,講嘢,gong2je5,12,v
717,琴晚,kam4maan5,12,t
718,適合,sik1hap6,12,a
719,畢業,bat1jip6,12,v
720,發展,faat3zin2,12,v
721,頂,ding2,12,v
722,巴士,baa1si2,12,n
723,小心,siu2sam1,12,a
724,電芯,din6sam1,12,n
725,失業,sat1jip6,12,v
726,關係,gwaan1hai6,12,n
727,入來,jap6lai4,12,v
728,權,kyun4,12,n
729,經濟,ging1zai3,12,a
730,音響,jam1hoeng2,12,n
731,節,zit3,12,q
732,能夠,nang4gau3,12,vu
733,女性,neoi5sing3,12,n
734,老奉,lou5fung2,12,d
735,記,gei3,11,v
736,夾,gaap3,11,v
737,到時,dou3si4,11,t
738,冬天,dung1tin1,11,t
739,嗰陣,go2zan6,11,r
740,只要,zi2jiu3,11,d
741,甩,lat1,11,v
742,關於,gwaan1jyu1,11,p
743,咁上下,gam3soeng6haa2,11,d
744,某,mau5,11,r
745,無端端,mou4dyun1dyun1,11,d
746,之間,zi1gaan1,11,f
747,愛,oi3,11,v
748,喊,haam3,11,v
749,翻譯,faan1jik6,11,v
750,病,beng6,11,n
751,口,hau2,11,n
752,梗,gang2,11,d
753,尤其是,jau4kei4si6,11,d
754,冷氣,laang5hei3,11,n
755,夜晚,je6maan5,11,t
756,眼,ngaan5,11,n
757,咓,aa5,11,y
758,幾耐,gei2noi6,11,r
759,費事,fai3si6,11,v
760,倫敦,leon4deon1,11,ns
761,火車,fo2ce1,11,n
762,肉,juk6,11,n
763,今晚,gam1maan5,11,t
764,電影,din6jing2,11,n
765,嚇,haak3,11,v
766,面,min6,11,n
767,決定,kyut3ding6,11,v
768,哋,dei2,11,u
769,碎,seoi3,11,a
770,性格,sing3gaak3,11,n
771,經驗,ging1jim6,11,n
772,另,ling6,11,d
773,漢,hon3,11,jnz
774,好處,hou2cyu3,11,n
775,碼頭,maa5tau4,11,n
776,係咪,hai6mai6,11,v
777,類似,leoi6ci5,11,a
778,音,jam1,11,n
779,支,zi1,11,q
780,準備,zeon2bei6,11,v
781,接,zip3,11,v
782,簡單,gaan2daan1,11,a
783,普通話,pou2tung1waa2,11,n
784,比,bei2,11,v
785,補習,bou2zaap6,11,v
786,申請,san1cing2,11,v
787,邊啲,bin1di1,11,r
788,噏,ap1,11,v
789,捱,ngaai4,11,v
790,股票,gu2piu3,11,n
791,舖頭,pou3tau2,11,n
792,耶穌,je4sou1,11,nr
793,剝,mok1,11,v
794,牛肉,ngau4juk6,11,n
795,讓,joeng6,10,v
796,女皇,neoi5wong4,10,nz
797,特色,dak6sik1,10,n
798,任何,jam6ho4,10,r
799,黏,nim4,10,v
800,花,faa1,10,n
801,款,fun2,10,q
802,年份,nin4fan6,10,n
803,日日,jat6jat6,10,q
804,初頭,co1tau4,10,t
805,痛,tung3,10,a
806,拉,laai1,10,v
807,核突,wat6dat6,10,a
808,屋,uk1,10,n
809,慣,gwaan3,10,v
810,屋企人,uk1kei2jan4,10,n
811,錦鯉,gam2lei5,10,n
812,中間,zung1gaan1,10,f
813,禮拜六,lai5baai3luk6,10,t
814,下年,haa6nin2,10,t
815,笪,daat3,10,q
816,門,mun4,10,n
817,扮,baan6,10,v
818,比起,bei2hei2,10,v
819,經過,ging1gwo3,10,v
820,貨櫃,fo3gwai6,10,n
821,咁滯,gam3zai6,10,d
822,硬係,ngaang2hai6,10,d
823,第時,dai6si4,10,t
824,特登,dak6dang1,10,d
825,研究,jin4gau3,10,v
826,戲院,hei3jyun2,10,n
827,餐,caan1,10,q
828,偈,gai2,10,Ng
829,上堂,soeng5tong4,10,v
830,文化,man4faa3,10,n
831,熄,sik1,10,v
832,態度,taai3dou6,10,n
833,沙田,saa1tin4,10,ns
834,意大利,ji3daai6lei6,10,ns
835,唔見,m4gin3,10,v
836,褸尾,lau1mei1,10,t
837,音樂,jam1ngok6,10,n
838,譯本,jik6bun2,10,n
839,努力,nou5lik6,10,a
840,飛碟,fei1dip2,10,n
841,地球,dei6kau4,10,n
842,禮拜三,lai5baai3saam1,10,t
843,甚至乎,sam6zi3fu4,10,d
844,舋,man3,10,d
845,焗,guk6,10,v
846,市場,si5coeng4,10,n
847,乖,gwaai1,10,a
848,所,so2,10,u
849,紅籌,hung4cau2,10,n
850,女人,neoi5jan2,10,n
851,接受,zip3sau6,10,v
852,身體,san1tai2,10,n
853,老婆,lou5po4,10,n
854,裙,kwan4,10,n
855,諗法,nam2faat3,10,n
856,創作,cong3zok3,10,v
